Start Year,Disaster Type,"Total Damage, Adjusted ('000 US$)",Total Deaths,Total Affected
1900,Earthquake,0.0,140.0,0.0
1901,Earthquake,0.0,158.0,24.0
1902,Earthquake,845577.0,9306.0,142676.0
1903,Earthquake,845577.0,15936.0,202676.0
1904,Earthquake,845577.0,16088.0,206645.0
1905,Earthquake,2435011.0,36776.0,228922.0
1906,Earthquake,22758922.0,59429.0,349404.0
1907,Earthquake,23701136.0,72670.0,439404.0
1908,Earthquake,27479299.0,147670.0,589404.0
1909,Earthquake,27479299.0,153148.0,592749.0
1910,Earthquake,27479299.0,155670.0,592749.0
1911,Earthquake,27479299.0,156967.0,594037.0
1912,Earthquake,27479299.0,157890.0,612232.0
1913,Earthquake,27479299.0,159120.0,612344.0
1914,Earthquake,27479299.0,163402.0,666653.0
1915,Earthquake,29247091.0,193558.0,666653.0
1916,Earthquake,29247091.0,193739.0,668806.0
1917,Earthquake,29247091.0,213243.0,669281.0
1918,Earthquake,29812978.0,223459.0,669281.0
1919,Earthquake,29812978.0,223459.0,669281.0
1920,Earthquake,30178853.0,406107.0,669448.0
1921,Earthquake,30178853.0,406107.0,669448.0
1922,Earthquake,30178853.0,407139.0,669865.0
1923,Earthquake,40449028.0,558086.0,873598.0
1924,Earthquake,40449028.0,559123.0,885988.0
1925,Earthquake,40582834.0,565263.0,903616.0
1926,Earthquake,40582834.0,565275.0,903616.0
1927,Earthquake,41255708.0,609527.0,1117100.0
1928,Earthquake,41255708.0,610162.0,1117309.0
1929,Earthquake,41255708.0,613432.0,1118430.0
1930,Earthquake,41606247.0,618995.0,1159062.0
1931,Earthquake,42376510.0,633281.0,1170062.0
1932,Earthquake,42376510.0,634908.0,1198263.0
1933,Earthquake,43250072.0,648234.0,1198413.0
1934,Earthquake,43250072.0,648354.0,1198413.0
1935,Earthquake,43250072.0,715766.0,1481005.0
1936,Earthquake,43250072.0,716377.0,1552521.0
1937,Earthquake,43250072.0,716802.0,1552721.0
1938,Earthquake,43250072.0,716951.0,1559151.0
1939,Earthquake,63044173.0,780072.0,2211838.0
1940,Earthquake,63943180.0,781474.0,2279543.0
1941,Earthquake,63943180.0,784330.0,2325715.0
1942,Earthquake,63988073.0,787756.0,2325850.0
1943,Earthquake,66356744.0,794740.0,2370198.0
1944,Earthquake,68019812.0,809990.0,2605771.0
1945,Earthquake,68426340.0,816933.0,2628360.0
1946,Earthquake,68801596.0,822159.0,2632244.0
1947,Earthquake,68801596.0,822795.0,2667264.0
1948,Earthquake,81345010.0,939110.0,3017839.0
1949,Earthquake,82442019.0,949000.0,3123434.0
1950,Earthquake,82745650.0,950950.0,3163684.0
1951,Earthquake,83004577.0,955689.0,3326030.0
1952,Earthquake,84004819.0,956042.0,3331476.0
1953,Earthquake,90676631.0,958800.0,3526428.0
1954,Earthquake,90776192.0,962119.0,3660979.0
1955,Earthquake,90830843.0,962608.0,3689702.0
1956,Earthquake,91099992.0,963371.0,3692291.0
1957,Earthquake,91568795.0,970341.0,3707510.0
1958,Earthquake,91671220.0,970679.0,3711936.0
1959,Earthquake,91781656.0,970748.0,3712199.0
1960,Earthquake,105684614.0,990679.0,5716649.0
1961,Earthquake,105684614.0,990779.0,5716649.0
1962,Earthquake,105974850.0,1002857.0,5850103.0
1963,Earthquake,115578710.0,1004242.0,5858796.0
1964,Earthquake,126136931.0,1004577.0,5975257.0
1965,Earthquake,127975989.0,1005272.0,6230130.0
1966,Earthquake,131186701.0,1008061.0,6606395.0
1967,Earthquake,132844809.0,1009016.0,7166974.0
1968,Earthquake,136807377.0,1020587.0,7360101.0
1969,Earthquake,137440181.0,1023967.0,7760641.0
1970,Earthquake,141976048.0,1102148.0,11181912.0
1971,Earthquake,148018264.0,1103256.0,13632661.0
1972,Earthquake,156178539.0,1118439.0,15956584.0
1973,Earthquake,156260271.0,1119030.0,15961661.0
1974,Earthquake,156338942.0,1143859.0,16055608.0
1975,Earthquake,156436826.0,1148491.0,16110540.0
1976,Earthquake,211400573.0,1425496.0,22510935.0
1977,Earthquake,221456183.0,1428594.0,23429442.0
1978,Earthquake,227355638.0,1453756.0,24081740.0
1979,Earthquake,229485375.0,1455830.0,25101898.0
1980,Earthquake,319929289.0,1463469.0,26737331.0
1981,Earthquake,326126779.0,1467448.0,26895599.0
1982,Earthquake,332364874.0,1469631.0,27405293.0
1983,Earthquake,335365990.0,1471925.0,28425220.0
1984,Earthquake,335589954.0,1471985.0,29221306.0
1985,Earthquake,350847548.0,1481837.0,32930298.0
1986,Earthquake,358882181.0,1483018.0,34038698.0
1987,Earthquake,363870191.0,1488169.0,34455309.0
1988,Earthquake,399507225.0,1515208.0,57741167.0
1989,Earthquake,415727496.0,1515858.0,58094791.0
1990,Earthquake,436328391.0,1558703.0,60691261.0
1991,Earthquake,440457397.0,1561157.0,61669076.0
1992,Earthquake,446013946.0,1565190.0,62437592.0
1993,Earthquake,449600761.0,1575278.0,62662864.0
1994,Earthquake,509667169.0,1576520.0,63454809.0
1995,Earthquake,704188322.0,1584259.0,65395364.0
1996,Earthquake,705256321.0,1584835.0,70885545.0
1997,Earthquake,714296400.0,1587894.0,72182548.0
1998,Earthquake,716486890.0,1597467.0,75860411.0
1999,Earthquake,789772955.0,1619336.0,82717252.0
2000,Earthquake,791089908.0,1619553.0,85195811.0
2001,Earthquake,803259519.0,1640901.0,94907094.0
2002,Earthquake,806623670.0,1642540.0,95756797.0
2003,Earthquake,819752930.0,1672157.0,99951264.0
2004,Earthquake,879822964.0,1899447.0,103098469.0
2005,Earthquake,889870909.0,1975688.0,109285933.0
2006,Earthquake,894852422.0,1982380.0,113144772.0
2007,Earthquake,915984750.0,1983160.0,114527156.0
2008,Earthquake,1032604926.0,2071078.0,162039628.0
2009,Earthquake,1040834898.0,2072971.0,165260750.0
2010,Earthquake,1104317669.0,2299704.0,172197730.0
2011,Earthquake,1403946958.0,2320650.0,173945264.0
2012,Earthquake,1427574509.0,2321361.0,176805186.0
2013,Earthquake,1439027661.0,2322481.0,183922961.0
2014,Earthquake,1447903625.0,2323255.0,187092169.0
2015,Earthquake,1455346467.0,2332805.0,194320855.0
2016,Earthquake,1541914220.0,2334116.0,195505936.0
2017,Earthquake,1553391840.0,2335128.0,197512728.0
2018,Earthquake,1561682922.0,2340189.0,200821872.0
2019,Earthquake,1564440834.0,2340450.0,202463916.0
2020,Earthquake,1580857180.0,2340646.0,202849348.0
2021,Earthquake,1593067859.0,2343388.0,204178856.0
2022,Earthquake,1605563259.0,2345014.0,207794967.0
2023,Earthquake,1605563259.0,2407465.0,228041693.0
2024,Earthquake,1605563259.0,2407712.0,228065151.0
1936,Extreme temperature,0.0,1693.0,0.0
1937,Extreme temperature,0.0,1693.0,0.0
1938,Extreme temperature,0.0,1693.0,0.0
1939,Extreme temperature,0.0,1693.0,0.0
1940,Extreme temperature,0.0,1693.0,0.0
1941,Extreme temperature,0.0,1693.0,0.0
1942,Extreme temperature,0.0,1693.0,0.0
1943,Extreme temperature,0.0,1693.0,0.0
1944,Extreme temperature,0.0,1693.0,0.0
1945,Extreme temperature,0.0,1693.0,0.0
1946,Extreme temperature,0.0,1693.0,0.0
1947,Extreme temperature,0.0,1693.0,0.0
1948,Extreme temperature,0.0,1693.0,0.0
1949,Extreme temperature,0.0,1693.0,0.0
1950,Extreme temperature,0.0,1693.0,0.0
1951,Extreme temperature,1125769.0,1762.0,0.0
1952,Extreme temperature,1125769.0,1762.0,0.0
1953,Extreme temperature,1125769.0,2431.0,0.0
1954,Extreme temperature,1125769.0,2431.0,0.0
1955,Extreme temperature,1125769.0,2538.0,0.0
1956,Extreme temperature,1125769.0,2538.0,0.0
1957,Extreme temperature,1125769.0,2538.0,0.0
1958,Extreme temperature,6399133.0,3189.0,0.0
1959,Extreme temperature,6399133.0,3189.0,0.0
1960,Extreme temperature,6399133.0,3189.0,0.0
1961,Extreme temperature,6399133.0,3589.0,0.0
1962,Extreme temperature,6399133.0,3639.0,0.0
1963,Extreme temperature,6399133.0,3801.0,0.0
1964,Extreme temperature,6399133.0,3801.0,0.0
1965,Extreme temperature,6399133.0,3901.0,0.0
1966,Extreme temperature,6399133.0,4163.0,0.0
1967,Extreme temperature,6399133.0,4163.0,0.0
1968,Extreme temperature,6399133.0,4316.0,0.0
1969,Extreme temperature,6399133.0,4316.0,0.0
1970,Extreme temperature,6399133.0,4316.0,0.0
1971,Extreme temperature,7121886.0,4716.0,0.0
1972,Extreme temperature,7121886.0,4826.0,0.0
1973,Extreme temperature,7121886.0,5109.0,0.0
1974,Extreme temperature,7121886.0,5109.0,0.0
1975,Extreme temperature,10384683.0,5249.0,600.0
1976,Extreme temperature,10384683.0,5249.0,600.0
1977,Extreme temperature,23904831.0,5249.0,600.0
1978,Extreme temperature,23904831.0,5399.0,600.0
1979,Extreme temperature,24227427.0,5869.0,600.0
1980,Extreme temperature,31329981.0,7258.0,600.0
1981,Extreme temperature,31329981.0,7558.0,600.0
1982,Extreme temperature,31329981.0,7958.0,800.0
1983,Extreme temperature,31329981.0,8163.0,3500.0
1984,Extreme temperature,31329981.0,8453.0,3500.0
1985,Extreme temperature,31721759.0,8909.0,10585.0
1986,Extreme temperature,36394268.0,8959.0,40585.0
1987,Extreme temperature,36394268.0,10179.0,40592.0
1988,Extreme temperature,36395753.0,10823.0,40792.0
1989,Extreme temperature,36395753.0,11204.0,40792.0
1990,Extreme temperature,36595660.0,12183.0,1040792.0
1991,Extreme temperature,38254569.0,13018.0,1041242.0
1992,Extreme temperature,44569991.0,13406.0,1057242.0
1993,Extreme temperature,44569991.0,13512.0,4058002.0
1994,Extreme temperature,45507829.0,13853.0,5166186.0
1995,Extreme temperature,47110117.0,15583.0,5701464.0
1996,Extreme temperature,47110117.0,15883.0,5701664.0
1997,Extreme temperature,47170283.0,16487.0,6413844.0
1998,Extreme temperature,54845347.0,19756.0,6450230.0
1999,Extreme temperature,56602242.0,20527.0,7175476.0
2000,Extreme temperature,57231330.0,21461.0,7203162.0
2001,Extreme temperature,57562071.0,23248.0,7416323.0
2002,Extreme temperature,57562071.0,26617.0,7520309.0
2003,Extreme temperature,77479834.0,101315.0,9360397.0
2004,Extreme temperature,77479834.0,101570.0,11500277.0
2005,Extreme temperature,78079255.0,103120.0,11502523.0
2006,Extreme temperature,79530976.0,107946.0,11564277.0
2007,Extreme temperature,79530976.0,109032.0,12552365.0
2008,Extreme temperature,109353423.0,110720.0,91723549.0
2009,Extreme temperature,110938534.0,112106.0,92579716.0
2010,Extreme temperature,111475379.0,169294.0,92652477.0
2011,Extreme temperature,112491651.0,169729.0,96996507.0
2012,Extreme temperature,112686421.0,171563.0,97607732.0
2013,Extreme temperature,114445186.0,173384.0,97797748.0
2014,Extreme temperature,117557955.0,174552.0,99025446.0
2015,Extreme temperature,117674021.0,181977.0,100285999.0
2016,Extreme temperature,119843261.0,182467.0,101194119.0
2017,Extreme temperature,119843261.0,182826.0,103021878.0
2018,Extreme temperature,119843261.0,183541.0,103418646.0
2019,Extreme temperature,119843261.0,186611.0,103580028.0
2020,Extreme temperature,119843261.0,193181.0,103610028.0
2021,Extreme temperature,125891418.0,194225.0,103610028.0
2022,Extreme temperature,125891418.0,256007.0,103671695.0
2023,Extreme temperature,125891418.0,256413.0,104703810.0
2024,Extreme temperature,125891418.0,256413.0,107678810.0
1900,Flood,0.0,300.0,0.0
1901,Flood,0.0,300.0,0.0
1902,Flood,0.0,300.0,0.0
1903,Flood,15633778.0,550.0,0.0
1904,Flood,15633778.0,550.0,0.0
1905,Flood,15633778.0,550.0,0.0
1906,Flood,15633778.0,556.0,0.0
1907,Flood,15633778.0,556.0,0.0
1908,Flood,15633778.0,556.0,0.0
1909,Flood,15633778.0,628.0,0.0
1910,Flood,15633778.0,2007.0,0.0
1911,Flood,15633778.0,102007.0,0.0
1912,Flood,15633778.0,102007.0,0.0
1913,Flood,15633778.0,102007.0,0.0
1914,Flood,15633778.0,102007.0,0.0
1915,Flood,15633778.0,102007.0,3000000.0
1916,Flood,15633778.0,102007.0,3000000.0
1917,Flood,15633778.0,102007.0,3635000.0
1918,Flood,15633778.0,102007.0,3635000.0
1919,Flood,15633778.0,102007.0,3635000.0
1920,Flood,15926478.0,102007.0,3635000.0
1921,Flood,15926478.0,102007.0,3635000.0
1922,Flood,15926478.0,102007.0,3635000.0
1923,Flood,15926478.0,102007.0,3635000.0
1924,Flood,15926478.0,102007.0,3635000.0
1925,Flood,16244267.0,102007.0,3635000.0
1926,Flood,16756905.0,103007.0,3635000.0
1927,Flood,16760774.0,106253.0,3635000.0
1928,Flood,16760774.0,106289.0,3643000.0
1929,Flood,16760774.0,106289.0,3643000.0
1930,Flood,16760774.0,106289.0,3643000.0
1931,Flood,43719985.0,3806289.0,3643000.0
1932,Flood,43719985.0,3806289.0,3643000.0
1933,Flood,43719985.0,3824342.0,7243000.0
1934,Flood,43719985.0,3824342.0,7243000.0
1935,Flood,43719985.0,3966342.0,17273000.0
1936,Flood,43719985.0,3966542.0,17273000.0
1937,Flood,52622943.0,3966790.0,17273000.0
1938,Flood,52622943.0,3967744.0,17273000.0
1939,Flood,52622943.0,4467754.0,17273000.0
1940,Flood,52622943.0,4467879.0,17275000.0
1941,Flood,52622943.0,4467879.0,17275000.0
1942,Flood,52622943.0,4467879.0,17275000.0
1943,Flood,67850111.0,4468869.0,17275000.0
1944,Flood,67850111.0,4468869.0,17275000.0
1945,Flood,67850111.0,4468869.0,17275000.0
1946,Flood,67850111.0,4468869.0,17275000.0
1947,Flood,67850111.0,4470869.0,17275000.0
1948,Flood,67850111.0,4471786.0,17275000.0
1949,Flood,68034586.0,4568786.0,17275000.0
1950,Flood,69249109.0,4572594.0,27407000.0
1951,Flood,84210582.0,4578260.0,27899034.0
1952,Flood,84210582.0,4578459.0,27899034.0
1953,Flood,87487075.0,4585584.0,30090144.0
1954,Flood,88031127.0,4620020.0,30090144.0
1955,Flood,88031127.0,4620604.0,30090144.0
1956,Flood,88031127.0,4624217.0,30167144.0
1957,Flood,88031127.0,4626688.0,30435384.0
1958,Flood,88031127.0,4627088.0,30440384.0
1959,Flood,88031127.0,6630484.0,30453384.0
1960,Flood,88031127.0,6641061.0,30620384.0
1961,Flood,88031127.0,6644924.0,31924768.0
1962,Flood,88805090.0,6646104.0,31924768.0
1963,Flood,88805090.0,6647135.0,32005178.0
1964,Flood,97232797.0,6648258.0,34282115.0
1965,Flood,102082152.0,6649659.0,38796387.0
1966,Flood,121977406.0,6651582.0,43712858.0
1967,Flood,124828001.0,6654028.0,46178060.0
1968,Flood,128338017.0,6661334.0,71007036.0
1969,Flood,132737174.0,6662878.0,72828023.0
1970,Flood,142594878.0,6666124.0,101021126.0
1971,Flood,146615554.0,6668528.0,102195126.0
1972,Flood,149656362.0,6671076.0,106510654.0
1973,Flood,161299895.0,6672911.0,111723955.0
1974,Flood,166237816.0,6702342.0,154917778.0
1975,Flood,172119330.0,6723190.0,205047226.0
1976,Flood,175140860.0,6724150.0,215032453.0
1977,Flood,178617049.0,6726718.0,218636259.0
1978,Flood,183601856.0,6732615.0,261122717.0
1979,Flood,184361097.0,6733653.0,291705129.0
1980,Flood,188427664.0,6744119.0,336904591.0
1981,Flood,196907747.0,6749402.0,357666138.0
1982,Flood,208861590.0,6754050.0,394980877.0
1983,Flood,230702624.0,6756132.0,415937510.0
1984,Flood,238448374.0,6759062.0,467516142.0
1985,Flood,247701282.0,6763438.0,485214641.0
1986,Flood,257852508.0,6765220.0,497790060.0
1987,Flood,271850219.0,6771986.0,547845548.0
1988,Flood,290870314.0,6780490.0,655780619.0
1989,Flood,300068050.0,6785206.0,760105806.0
1990,Flood,310013978.0,6787457.0,806760037.0
1991,Flood,336912448.0,6793309.0,1034559306.0
1992,Flood,353081978.0,6798538.0,1054157100.0
1993,Flood,419668395.0,6804688.0,1203408023.0
1994,Flood,460149052.0,6811459.0,1333191194.0
1995,Flood,512830375.0,6819407.0,1526632441.0
1996,Flood,566000824.0,6827454.0,1709309454.0
1997,Flood,598606909.0,6835139.0,1753962156.0
1998,Flood,677474516.0,6845792.0,2047624841.0
1999,Flood,704903562.0,6880599.0,2196710909.0
2000,Flood,748748261.0,6886598.0,2270611345.0
2001,Flood,756603353.0,6891579.0,2305157851.0
2002,Flood,799498151.0,6895752.0,2472922574.0
2003,Flood,832692806.0,6899662.0,2642349846.0
2004,Flood,848780232.0,6906644.0,2759340661.0
2005,Flood,875663775.0,6912386.0,2834367470.0
2006,Flood,886995828.0,6918229.0,2864676834.0
2007,Flood,921661302.0,6926825.0,3043556450.0
2008,Flood,948358978.0,6930832.0,3088467211.0
2009,Flood,959277248.0,6934459.0,3148202144.0
2010,Flood,1025225366.0,6942815.0,3336996578.0
2011,Flood,1117285708.0,6948978.0,3473444301.0
2012,Flood,1150165050.0,6952522.0,3537443820.0
2013,Flood,1219021419.0,6962341.0,3569443714.0
2014,Flood,1264092320.0,6965852.0,3611088912.0
2015,Flood,1290128457.0,6969356.0,3638603544.0
2016,Flood,1359484179.0,6973753.0,3717822870.0
2017,Flood,1383662569.0,6977090.0,3773442158.0
2018,Flood,1406638631.0,6979971.0,3807699015.0
2019,Flood,1448811184.0,6985120.0,3842502951.0
2020,Flood,1506996622.0,6991305.0,3876856306.0
2021,Flood,1589032308.0,6995471.0,3906752209.0
2022,Flood,1618960548.0,7003509.0,3964277445.0
2023,Flood,1618960548.0,7011094.0,3996581877.0
2024,Flood,1618960548.0,7011135.0,3997205754.0
1900,Storm,1055280.0,6000.0,0.0
1901,Storm,1055280.0,6000.0,0.0
1902,Storm,1055280.0,6600.0,0.0
1903,Storm,1055280.0,6763.0,0.0
1904,Storm,1055280.0,6763.0,0.0
1905,Storm,1055280.0,7003.0,0.0
1906,Storm,1706687.0,17301.0,0.0
1907,Storm,1706687.0,17301.0,0.0
1908,Storm,1706687.0,17301.0,0.0
1909,Storm,1706687.0,18014.0,0.0
1910,Storm,1706687.0,18044.0,0.0
1911,Storm,2334830.0,19044.0,0.0
1912,Storm,3396175.0,70214.0,97520.0
1913,Storm,9309306.0,70946.0,97520.0
1914,Storm,9309306.0,70946.0,97520.0
1915,Storm,11048118.0,73071.0,97520.0
1916,Storm,11048118.0,73371.0,97520.0
1917,Storm,12191477.0,77428.0,97520.0
1918,Storm,12191477.0,77462.0,97520.0
1919,Storm,12614454.0,77962.0,97520.0
1920,Storm,12614454.0,78186.0,97520.0
1921,Storm,12614454.0,78186.0,97520.0
1922,Storm,12614454.0,178186.0,97520.0
1923,Storm,12785624.0,181325.0,123820.0
1924,Storm,12785624.0,183567.0,1123820.0
1925,Storm,13086687.0,184386.0,1123820.0
1926,Storm,14293868.0,187954.0,1163820.0
1927,Storm,14663948.0,193726.0,1203830.0
1928,Storm,15940256.0,197950.0,1203830.0
1929,Storm,16876215.0,197950.0,1203830.0
1930,Storm,17577293.0,202032.0,1215830.0
1931,Storm,17721717.0,205232.0,1215830.0
1932,Storm,18367379.0,208476.0,1218330.0
1933,Storm,18435449.0,208539.0,1218330.0
1934,Storm,19527613.0,213630.0,1218330.0
1935,Storm,19698533.0,276337.0,1218830.0
1936,Storm,20140742.0,279646.0,1368830.0
1937,Storm,20140742.0,290877.0,1368830.0
1938,Storm,26492955.0,291782.0,1368830.0
1939,Storm,26492955.0,291785.0,1368830.0
1940,Storm,26492955.0,291908.0,1368830.0
1941,Storm,27289418.0,297054.0,1368950.0
1942,Storm,27289418.0,398054.0,1368950.0
1943,Storm,27289418.0,403054.0,1398950.0
1944,Storm,28952486.0,403780.0,1410950.0
1945,Storm,35456930.0,408195.0,3294622.0
1946,Storm,35464435.0,408532.0,3294622.0
1947,Storm,36776991.0,413270.0,3294622.0
1948,Storm,36996516.0,416241.0,3709075.0
1949,Storm,36996516.0,419045.0,3903121.0
1950,Storm,38223184.0,419918.0,4545238.0
1951,Storm,38856429.0,422779.0,4625438.0
1952,Storm,39428625.0,425056.0,5626690.0
1953,Storm,40269591.0,426870.0,6626690.0
1954,Storm,49311735.0,429839.0,6923739.0
1955,Storm,58897478.0,433734.0,7298739.0
1956,Storm,58897478.0,436848.0,8298739.0
1957,Storm,60460156.0,437987.0,8548850.0
1958,Storm,60460156.0,440607.0,8568850.0
1959,Storm,67208784.0,450302.0,10070450.0
1960,Storm,71701676.0,459466.0,10715827.0
1961,Storm,76405041.0,472318.0,10724998.0
1962,Storm,88198304.0,474178.0,10764998.0
1963,Storm,96598958.0,504143.0,16767198.0
1964,Storm,100365100.0,514798.0,19663377.0
1965,Storm,115870778.0,574730.0,35866716.0
1966,Storm,118630874.0,577057.0,38572562.0
1967,Storm,122589280.0,579312.0,39167659.0
1968,Storm,123106617.0,580981.0,39606889.0
1969,Storm,135618781.0,584233.0,40316233.0
1970,Storm,143646338.0,888728.0,45810590.0
1971,Storm,145152475.0,899539.0,52903287.0
1972,Storm,163369065.0,900966.0,60607512.0
1973,Storm,166923109.0,905310.0,64267918.0
1974,Storm,185458842.0,917171.0,65266761.0
1975,Storm,193421487.0,918212.0,66146005.0
1976,Storm,207925619.0,919975.0,70863650.0
1977,Storm,213530975.0,935273.0,85654662.0
1978,Storm,220018508.0,938949.0,88800761.0
1979,Storm,234144918.0,941572.0,92855824.0
1980,Storm,240519310.0,942951.0,111757448.0
1981,Storm,246051217.0,946741.0,115305296.0
1982,Storm,259700708.0,949523.0,123755047.0
1983,Storm,275669216.0,953179.0,127248049.0
1984,Storm,291113788.0,958047.0,135776609.0
1985,Storm,306977952.0,975212.0,141816983.0
1986,Storm,320436266.0,977151.0,156517929.0
1987,Storm,337357950.0,980051.0,162400816.0
1988,Storm,343362521.0,983386.0,183434746.0
1989,Storm,367804117.0,987648.0,234261141.0
1990,Storm,426507931.0,992252.0,251525739.0
1991,Storm,464191634.0,1138549.0,274829606.0
1992,Storm,542609330.0,1139893.0,293316423.0
1993,Storm,571748354.0,1142858.0,308375194.0
1994,Storm,582395463.0,1147097.0,345415335.0
1995,Storm,630402323.0,1150860.0,359740955.0
1996,Storm,650474217.0,1155441.0,387520011.0
1997,Storm,664211285.0,1161591.0,402203401.0
1998,Storm,723374326.0,1186526.0,433224835.0
1999,Storm,799512193.0,1198796.0,458326688.0
2000,Storm,821520077.0,1200150.0,473463179.0
2001,Storm,845559998.0,1202061.0,505454440.0
2002,Storm,869557862.0,1203443.0,616617127.0
2003,Storm,903537841.0,1204492.0,627709796.0
2004,Storm,1034039697.0,1211039.0,649092759.0
2005,Storm,1310962419.0,1216290.0,698217143.0
2006,Storm,1336661995.0,1220619.0,765326375.0
2007,Storm,1378382500.0,1226632.0,789313105.0
2008,Storm,1460928562.0,1367617.0,804964879.0
2009,Storm,1496579441.0,1370904.0,855547657.0
2010,Storm,1534325104.0,1372468.0,864478672.0
2011,Storm,1600511799.0,1375571.0,903055554.0
2012,Storm,1709860771.0,1378676.0,923322735.0
2013,Storm,1775943059.0,1387274.0,972174735.0
2014,Storm,1825663379.0,1388706.0,997965433.0
2015,Storm,1868203380.0,1389994.0,1008403861.0
2016,Storm,1924063623.0,1391755.0,1102440703.0
2017,Storm,2250609399.0,1394315.0,1127846349.0
2018,Storm,2335463982.0,1396022.0,1145951119.0
2019,Storm,2401442020.0,1398536.0,1184060961.0
2020,Storm,2501167522.0,1400294.0,1225333615.0
2021,Storm,2649831465.0,1402187.0,1242948074.0
2022,Storm,2781811854.0,1403787.0,1259877539.0
2023,Storm,2781811854.0,1418453.0,1277190015.0
2024,Storm,2781811854.0,1418596.0,1277319054.0
1900,Volcanic activity,0.0,30.0,0.0
1901,Volcanic activity,0.0,30.0,0.0
1902,Volcanic activity,0.0,38720.0,0.0
1903,Volcanic activity,0.0,38737.0,0.0
1904,Volcanic activity,0.0,38737.0,0.0
1905,Volcanic activity,0.0,38737.0,0.0
1906,Volcanic activity,0.0,39437.0,0.0
1907,Volcanic activity,0.0,39437.0,0.0
1908,Volcanic activity,0.0,39437.0,0.0
1909,Volcanic activity,0.0,39437.0,0.0
1910,Volcanic activity,0.0,39437.0,0.0
1911,Volcanic activity,0.0,40772.0,199.0
1912,Volcanic activity,0.0,40772.0,199.0
1913,Volcanic activity,0.0,40772.0,199.0
1914,Volcanic activity,585400.0,40912.0,199.0
1915,Volcanic activity,585400.0,40912.0,199.0
1916,Volcanic activity,585400.0,40912.0,199.0
1917,Volcanic activity,585400.0,40912.0,199.0
1918,Volcanic activity,585400.0,40912.0,199.0
1919,Volcanic activity,585400.0,45912.0,199.0
1920,Volcanic activity,585400.0,45912.0,199.0
1921,Volcanic activity,585400.0,45912.0,199.0
1922,Volcanic activity,585400.0,45912.0,199.0
1923,Volcanic activity,585400.0,45912.0,199.0
1924,Volcanic activity,585400.0,45912.0,199.0
1925,Volcanic activity,585400.0,45912.0,199.0
1926,Volcanic activity,585400.0,46056.0,199.0
1927,Volcanic activity,585400.0,46056.0,199.0
1928,Volcanic activity,585400.0,46056.0,199.0
1929,Volcanic activity,585400.0,46056.0,199.0
1930,Volcanic activity,585400.0,47425.0,199.0
1931,Volcanic activity,585400.0,48725.0,199.0
1932,Volcanic activity,585400.0,48725.0,199.0
1933,Volcanic activity,585400.0,48725.0,199.0
1934,Volcanic activity,585400.0,48725.0,199.0
1935,Volcanic activity,585400.0,48725.0,199.0
1936,Volcanic activity,585400.0,48725.0,199.0
1937,Volcanic activity,585400.0,49231.0,7699.0
1938,Volcanic activity,585400.0,49231.0,7699.0
1939,Volcanic activity,585400.0,49231.0,7699.0
1940,Volcanic activity,585400.0,49231.0,7699.0
1941,Volcanic activity,585400.0,49231.0,7699.0
1942,Volcanic activity,585400.0,49231.0,7699.0
1943,Volcanic activity,585400.0,49231.0,10699.0
1944,Volcanic activity,585400.0,49257.0,24699.0
1945,Volcanic activity,1886289.0,49257.0,24699.0
1946,Volcanic activity,1886289.0,49257.0,27199.0
1947,Volcanic activity,1886289.0,49257.0,27199.0
1948,Volcanic activity,1886289.0,49357.0,27199.0
1949,Volcanic activity,1886289.0,51357.0,27199.0
1950,Volcanic activity,1886289.0,51441.0,27199.0
1951,Volcanic activity,1886289.0,56241.0,27199.0
1952,Volcanic activity,1886289.0,56270.0,27228.0
1953,Volcanic activity,1886289.0,56420.0,27228.0
1954,Volcanic activity,1886289.0,56457.0,27228.0
1955,Volcanic activity,1886289.0,56457.0,27228.0
1956,Volcanic activity,1886289.0,56457.0,27228.0
1957,Volcanic activity,1886289.0,56457.0,30428.0
1958,Volcanic activity,1886289.0,56457.0,30428.0
1959,Volcanic activity,1886289.0,56457.0,30428.0
1960,Volcanic activity,1886289.0,56457.0,32428.0
1961,Volcanic activity,1886289.0,56457.0,32428.0
1962,Volcanic activity,1886289.0,56457.0,32428.0
1963,Volcanic activity,1886289.0,58162.0,115628.0
1964,Volcanic activity,1886289.0,58166.0,117628.0
1965,Volcanic activity,1979171.0,58521.0,176413.0
1966,Volcanic activity,1979171.0,59609.0,223473.0
1967,Volcanic activity,1979171.0,59609.0,223473.0
1968,Volcanic activity,2063307.0,59699.0,290144.0
1969,Volcanic activity,2064903.0,59699.0,541844.0
1970,Volcanic activity,2064903.0,59699.0,541844.0
1971,Volcanic activity,2079358.0,59699.0,553444.0
1972,Volcanic activity,2079358.0,59699.0,553444.0
1973,Volcanic activity,2242164.0,59699.0,558644.0
1974,Volcanic activity,2242164.0,59699.0,558644.0
1975,Volcanic activity,2242164.0,59701.0,558644.0
1976,Volcanic activity,2245656.0,59742.0,740157.0
1977,Volcanic activity,2351886.0,59957.0,836157.0
1978,Volcanic activity,2351886.0,59957.0,862157.0
1979,Volcanic activity,2351886.0,60225.0,910181.0
1980,Volcanic activity,5405984.0,60315.0,964916.0
1981,Volcanic activity,5405984.0,60507.0,969916.0
1982,Volcanic activity,6246040.0,60637.0,1340416.0
1983,Volcanic activity,6760801.0,60637.0,1390451.0
1984,Volcanic activity,6760801.0,60674.0,1491451.0
1985,Volcanic activity,9481485.0,82474.0,1505229.0
1986,Volcanic activity,9481485.0,84220.0,1528666.0
1987,Volcanic activity,9481485.0,84220.0,1544701.0
1988,Volcanic activity,9481485.0,84227.0,1560171.0
1989,Volcanic activity,9481485.0,84227.0,1563171.0
1990,Volcanic activity,9499404.0,84260.0,1577436.0
1991,Volcanic activity,10008680.0,84943.0,2770600.0
1992,Volcanic activity,10008680.0,84944.0,3117253.0
1993,Volcanic activity,10009669.0,85043.0,3291012.0
1994,Volcanic activity,10226853.0,85144.0,3523436.0
1995,Volcanic activity,10228240.0,85144.0,3549312.0
1996,Volcanic activity,10259026.0,85148.0,3555884.0
1997,Volcanic activity,10273612.0,85201.0,3563084.0
1998,Volcanic activity,10273612.0,85201.0,3570892.0
1999,Volcanic activity,10273612.0,85201.0,3604447.0
2000,Volcanic activity,10277375.0,85201.0,3731073.0
2001,Volcanic activity,10304902.0,85201.0,3841564.0
2002,Volcanic activity,10319545.0,85401.0,4119914.0
2003,Volcanic activity,10319545.0,85401.0,4144914.0
2004,Volcanic activity,10319545.0,85403.0,4198062.0
2005,Volcanic activity,10319545.0,85406.0,4539062.0
2006,Volcanic activity,10537303.0,85411.0,4917673.0
2007,Volcanic activity,10537303.0,85422.0,4968636.0
2008,Volcanic activity,10537303.0,85438.0,5008594.0
2009,Volcanic activity,10537303.0,85438.0,5056131.0
2010,Volcanic activity,10537303.0,85761.0,5226792.0
2011,Volcanic activity,10672611.0,85764.0,5275596.0
2012,Volcanic activity,10672611.0,85764.0,5285596.0
2013,Volcanic activity,10672611.0,85764.0,5379442.0
2014,Volcanic activity,10902545.0,85866.0,5559096.0
2015,Volcanic activity,11643390.0,85866.0,6515188.0
2016,Volcanic activity,11643390.0,85866.0,6515188.0
2017,Volcanic activity,11643390.0,85866.0,6659537.0
2018,Volcanic activity,12655667.0,86780.0,8574935.0
2019,Volcanic activity,12655667.0,86801.0,8623758.0
2020,Volcanic activity,12730298.0,86802.0,9399531.0
2021,Volcanic activity,14182936.0,86906.0,9892931.0
2022,Volcanic activity,14300936.0,86912.0,9990264.0
2023,Volcanic activity,14300936.0,86935.0,10032658.0
1911,Wildfire,0.0,73.0,200.0
1912,Wildfire,0.0,73.0,200.0
1913,Wildfire,0.0,73.0,200.0
1914,Wildfire,0.0,73.0,200.0
1915,Wildfire,0.0,73.0,200.0
1916,Wildfire,0.0,73.0,200.0
1917,Wildfire,0.0,73.0,200.0
1918,Wildfire,1951333.0,1073.0,200.0
1919,Wildfire,1951333.0,1073.0,200.0
1920,Wildfire,1951333.0,1073.0,200.0
1921,Wildfire,1951333.0,1073.0,200.0
1922,Wildfire,2090714.0,1116.0,11200.0
1923,Wildfire,2090714.0,1116.0,11200.0
1924,Wildfire,2090714.0,1116.0,11200.0
1925,Wildfire,2090714.0,1116.0,11200.0
1926,Wildfire,2090714.0,1116.0,11200.0
1927,Wildfire,2090714.0,1116.0,11200.0
1928,Wildfire,2090714.0,1116.0,11200.0
1929,Wildfire,2090714.0,1176.0,11200.0
1930,Wildfire,2090714.0,1176.0,11200.0
1931,Wildfire,2090714.0,1176.0,11200.0
1932,Wildfire,2090714.0,1176.0,11200.0
1933,Wildfire,2090714.0,1176.0,11200.0
1934,Wildfire,2090714.0,1176.0,11200.0
1935,Wildfire,2090714.0,1176.0,11200.0
1936,Wildfire,2090714.0,1176.0,11200.0
1937,Wildfire,2090714.0,1176.0,11200.0
1938,Wildfire,2090714.0,1176.0,11200.0
1939,Wildfire,2090714.0,1247.0,15100.0
1940,Wildfire,2090714.0,1247.0,15100.0
1941,Wildfire,2090714.0,1247.0,15100.0
1942,Wildfire,2090714.0,1247.0,15100.0
1943,Wildfire,2090714.0,1247.0,15100.0
1944,Wildfire,2090714.0,1417.0,17200.0
1945,Wildfire,2090714.0,1417.0,17200.0
1946,Wildfire,2090714.0,1417.0,17200.0
1947,Wildfire,2484481.0,1417.0,17200.0
1948,Wildfire,2484481.0,1417.0,17200.0
1949,Wildfire,2484481.0,1497.0,17200.0
1950,Wildfire,2484481.0,1497.0,17200.0
1951,Wildfire,2484481.0,1497.0,17200.0
1952,Wildfire,2484481.0,1497.0,17200.0
1953,Wildfire,2484481.0,1497.0,17200.0
1954,Wildfire,2484481.0,1497.0,17200.0
1955,Wildfire,2484481.0,1497.0,17200.0
1956,Wildfire,2484481.0,1508.0,17200.0
1957,Wildfire,2484481.0,1508.0,17200.0
1958,Wildfire,2484481.0,1508.0,17200.0
1959,Wildfire,2484481.0,1508.0,17200.0
1960,Wildfire,2484481.0,1508.0,17200.0
1961,Wildfire,2484481.0,1508.0,17200.0
1962,Wildfire,2484481.0,1508.0,17200.0
1963,Wildfire,2484481.0,1508.0,17200.0
1964,Wildfire,2484481.0,1508.0,17200.0
1965,Wildfire,2493769.0,1508.0,17200.0
1966,Wildfire,2493769.0,1533.0,17200.0
1967,Wildfire,3094724.0,1595.0,20300.0
1968,Wildfire,3103138.0,1607.0,22100.0
1969,Wildfire,3103138.0,1607.0,22100.0
1970,Wildfire,3856917.0,1607.0,22100.0
1971,Wildfire,3856917.0,1607.0,22100.0
1972,Wildfire,3856917.0,1607.0,22100.0
1973,Wildfire,3856917.0,1607.0,27100.0
1974,Wildfire,3856917.0,1607.0,27100.0
1975,Wildfire,3856917.0,1607.0,27100.0
1976,Wildfire,3856917.0,1607.0,27100.0
1977,Wildfire,3867385.0,1610.0,27100.0
1978,Wildfire,3867385.0,1612.0,34300.0
1979,Wildfire,3911742.0,1612.0,64300.0
1980,Wildfire,3911742.0,1612.0,69300.0
1981,Wildfire,3911742.0,1620.0,117888.0
1982,Wildfire,3911742.0,1622.0,126906.0
1983,Wildfire,5767720.0,1728.0,138926.0
1984,Wildfire,5773354.0,1745.0,139126.0
1985,Wildfire,6122061.0,1796.0,141956.0
1986,Wildfire,6122061.0,1816.0,146006.0
1987,Wildfire,6662941.0,2007.0,355201.0
1988,Wildfire,6662941.0,2007.0,355201.0
1989,Wildfire,16774524.0,2008.0,380201.0
1990,Wildfire,20571067.0,2008.0,380201.0
1991,Wildfire,26143453.0,2098.0,380509.0
1992,Wildfire,27021939.0,2220.0,432699.0
1993,Wildfire,29047816.0,2223.0,432829.0
1994,Wildfire,29347924.0,2307.0,3500242.0
1995,Wildfire,29606233.0,2336.0,3512081.0
1996,Wildfire,32802020.0,2381.0,3518292.0
1997,Wildfire,47951399.0,2647.0,3571521.0
1998,Wildfire,52648374.0,2797.0,3738125.0
1999,Wildfire,53510369.0,2867.0,3756955.0
2000,Wildfire,57859254.0,2914.0,3795990.0
2001,Wildfire,58008006.0,2947.0,3801729.0
2002,Wildfire,58597140.0,2953.0,3827853.0
2003,Wildfire,68293528.0,3000.0,4012186.0
2004,Wildfire,68298176.0,3014.0,4032705.0
2005,Wildfire,74067604.0,3059.0,4039612.0
2006,Wildfire,75503356.0,3084.0,4041974.0
2007,Wildfire,81992464.0,3232.0,5826991.0
2008,Wildfire,85434143.0,3318.0,5885659.0
2009,Wildfire,87500789.0,3508.0,5897233.0
2010,Wildfire,90278960.0,3674.0,5927724.0
2011,Wildfire,94360322.0,3684.0,5942431.0
2012,Wildfire,95634986.0,3705.0,5947827.0
2013,Wildfire,96984714.0,3740.0,5956658.0
2014,Wildfire,97304892.0,3756.0,5968345.0
2015,Wildfire,101552181.0,3834.0,6587038.0
2016,Wildfire,109218287.0,3874.0,6745528.0
2017,Wildfire,129421911.0,4052.0,6839356.0
2018,Wildfire,155996731.0,4273.0,7100643.0
2019,Wildfire,160267662.0,4389.0,17157407.0
2020,Wildfire,172900578.0,4464.0,17426870.0
2021,Wildfire,182895060.0,4592.0,18143624.0
2022,Wildfire,183971060.0,4668.0,18381286.0
2023,Wildfire,183971060.0,4931.0,18498712.0
2024,Wildfire,183971060.0,5362.0,18526562.0
