,Date,Total_Deaths,Longitude,Latitude,Disaster_Subgroup
0,1900,140.0,43.1,40.3,Geophysical
1,1901,18.0,142.5,40.5,Geophysical
2,1902,4562.0,72.3,40.8,Geophysical
3,1902,2000.0,-91.0,14.0,Geophysical
4,1902,86.0,48.6,40.7,Geophysical
5,1902,2500.0,76.2,39.88,Geophysical
6,1903,3560.0,42.3,39.09,Geophysical
7,1903,1700.0,42.4,39.1,Geophysical
8,1903,20.0,35.3,32.2,Geophysical
9,1903,1000.0,42.7,40.9,Geophysical
10,1903,350.0,58.2,35.2,Geophysical
11,1904,3.0,120.5,23.5,Geophysical
12,1904,4.0,27.0,37.75,Geophysical
13,1904,145.0,120.3,23.5,Geophysical
14,1905,557.0,16.07,38.67,Geophysical
15,1905,20000.0,76.16,32.04,Geophysical
16,1907,41.0,142.6,37.4,Geophysical
17,1905,120.0,19.6,42.1,Geophysical
18,1905,11.0,132.0,34.0,Geophysical
20,1906,1258.0,170.5,23.6,Geophysical
21,1906,400.0,78.46,1.51,Geophysical
22,1906,700.0,14.426,40.821,Geophysical
23,1906,700.0,-122.48,37.67,Geophysical
24,1906,20000.0,71.4,33.05,Geophysical
25,1906,15.0,120.4,23.4,Geophysical
26,1906,280.0,85.5,43.5,Geophysical
27,1907,1200.0,-76.8,18.2,Geophysical
28,1907,12000.0,69.9,38.5,Geophysical
29,1908,75000.0,15.58,38.17,Geophysical
30,1909,5000.0,48.48,33.55,Geophysical
31,1909,46.0,6.14,44.05,Geophysical
32,1909,100.0,-5.22,35.34,Geophysical
33,1909,9.0,121.5,25.0,Geophysical
34,1909,30.0,-8.8,38.9,Geophysical
35,1909,21.0,103.0,24.4,Geophysical
36,1909,41.0,136.3,35.4,Geophysical
37,1909,231.0,68.0,30.0,Geophysical
38,1910,1750.0,-84.0,9.8,Geophysical
39,1910,12.0,4.0,36.0,Geophysical
40,1910,60.0,122.5,25.5,Geophysical
41,1910,700.0,-84.0,10.0,Geophysical
42,1911,450.0,77.5,43.5,Geophysical
43,1911,90.0,72.8,38.2,Geophysical
44,1911,700.0,57.03,32.23,Geophysical
45,1911,45.0,-102.5,17.5,Geophysical
46,1911,12.0,130.0,28.0,Geophysical
47,1912,923.0,27.15,40.41,Geophysical
49,1913,150.0,-72.9,-14.2,Geophysical
50,1913,138.0,126.121,5.354,Geophysical
51,1913,942.0,102.45,24.15,Geophysical
52,1914,20.0,101.82,-3.924,Geophysical
53,1914,94.0,139.8,39.2,Geophysical
54,1914,120.0,15.2,37.7,Geophysical
55,1914,4000.0,30.27,37.82,Geophysical
56,1914,14.0,20.6,38.8,Geophysical
57,1914,34.0,-73.2,-15.2,Geophysical
58,1915,29980.0,13.26,42.02,Geophysical
59,1915,6.0,-115.33,32.47,Geophysical
60,1915,170.0,91.5,29.5,Geophysical
61,1916,180.0,120.9,23.7,Geophysical
62,1916,1.0,121.0,24.0,Geophysical
63,1917,15000.0,116.0,-7.0,Geophysical
64,1917,2650.0,-90.22,14.38,Geophysical
65,1917,1800.0,104.0,28.0,Geophysical
66,1917,54.0,120.9,23.9,Geophysical
67,1918,116.0,-67.54,18.06,Geophysical
68,1918,100.0,124.4,8.29,Geophysical
69,1918,10000.0,117.0,23.5,Geophysical
70,1920,180000.0,105.606,36.888,Geophysical
71,1920,1400.0,10.3,44.3,Geophysical
72,1920,648.0,-96.97,19.26,Geophysical
73,1920,200.0,20.0,40.2,Geophysical
74,1920,400.0,-68.4,-32.7,Geophysical
75,1922,1000.0,-70.755,-28.553,Geophysical
76,1922,5.0,122.0,24.5,Geophysical
77,1922,27.0,130.3,32.7,Geophysical
78,1923,143000.0,139.298,35.413,Geophysical
79,1923,5000.0,100.75,31.295,Geophysical
80,1923,2200.0,59.2,35.2,Geophysical
81,1923,157.0,57.046,36.617,Geophysical
82,1923,290.0,56.833,29.196,Geophysical
83,1923,300.0,-77.5,1.0,Geophysical
84,1924,40.0,-78.52,-1.29,Geophysical
85,1924,727.0,109.56,-7.21,Geophysical
86,1924,50.0,42.8,39.7,Geophysical
87,1924,100.0,164.0,36.983,Geophysical
88,1924,60.0,41.891,39.897,Geophysical
89,1924,60.0,109.8,-7.3,Geophysical
90,1925,5000.0,100.422,25.713,Geophysical
91,1925,13.0,-119.41,34.25,Geophysical
92,1925,200.0,42.8,41.2,Geophysical
93,1925,17.0,123.064,9.782,Geophysical
94,1925,395.0,135.007,35.423,Geophysical
95,1925,3.0,30.5,38.0,Geophysical
96,1925,12.0,100.0,27.0,Geophysical
97,1925,500.0,58.1,34.6,Geophysical
98,1926,12.0,31.15,30.03,Geophysical
99,1927,3022.0,135.013,35.632,Geophysical
100,1927,40912.0,102.489,37.645,Geophysical
101,1927,268.0,35.633,31.922,Geophysical
102,1927,50.0,120.764,-0.842,Geophysical
103,1928,103.0,23.44,38.0,Geophysical
104,1928,220.0,-71.4,-35.28,Geophysical
105,1928,50.0,27.1,38.25,Geophysical
106,1928,128.0,121.7,-8.3,Geophysical
107,1928,27.0,-58.0,48.6,Geophysical
108,1929,3253.0,57.8,37.8,Geophysical
109,1929,17.0,172.25,-41.55,Geophysical
110,1930,500.0,96.43,17.86,Geophysical
111,1930,1883.0,15.377,40.922,Geophysical
112,1930,259.0,139.129,35.05,Geophysical
113,1930,36.0,96.298,18.233,Geophysical
114,1930,1360.0,44.781,38.087,Geophysical
115,1930,1000.0,-86.2,12.1,Geophysical
116,1930,42.0,103.0,26.8,Geophysical
117,1930,50.0,95.5,17.4,Geophysical
118,1930,200.0,100.0,30.0,Geophysical
119,1930,151.0,68.5,38.4,Geophysical
120,1930,18.0,13.267,43.667,Geophysical
121,1930,35.0,19.5,40.5,Geophysical
122,1930,25.0,19.6,40.3,Geophysical
123,1930,4.0,120.277,23.261,Geophysical
125,1931,1000.0,-85.7,13.2,Geophysical
126,1931,256.0,176.42,-39.659,Geophysical
127,1931,50.0,161.11,11.117,Geophysical
128,1931,90.0,20.8,40.6,Geophysical
129,1931,2890.0,46.0,39.2,Geophysical
130,1931,10000.0,89.915,46.817,Geophysical
131,1932,6.0,126.0,0.5,Geophysical
132,1932,1070.0,53.4,36.6,Geophysical
133,1932,400.0,-104.25,19.5,Geophysical
136,1932,151.0,23.9,40.5,Geophysical
137,1933,3000.0,144.622,39.224,Geophysical
138,1933,116.0,117.97,33.62,Geophysical
139,1933,10000.0,103.4,31.9,Geophysical
140,1933,200.0,102.5,29.5,Geophysical
141,1933,10.0,14.2,42.0,Geophysical
142,1934,100.0,40.211,37.919,Geophysical
143,1934,20.0,40.211,37.919,Geophysical
144,1935,3276.0,124.3,24.3,Geophysical
145,1935,60000.0,66.8,29.5,Geophysical
146,1935,2746.0,120.8,24.6,Geophysical
147,1935,60.0,53.3,36.3,Geophysical
148,1935,690.0,53.5,36.3,Geophysical
149,1935,540.0,40.6,39.3,Geophysical
150,1935,100.0,103.6,28.7,Geophysical
151,1936,17.0,97.5,3.5,Geophysical
152,1936,9.0,94.7,6.1,Geophysical
156,1936,12.0,60.0,33.0,Geophysical
157,1936,115.0,105.7,34.2,Geophysical
158,1936,18.0,-77.3,1.2,Geophysical
159,1936,30.0,103.0,26.6,Geophysical
160,1936,10.0,120.8,22.3,Geophysical
161,1936,400.0,-88.7,13.2,Geophysical
162,1937,34.0,-97.5,18.8,Geophysical
163,1937,390.0,115.184,35.259,Geophysical
164,1937,1.0,121.68,14.575,Geophysical
165,1938,149.0,33.872,39.508,Geophysical
167,1939,30000.0,-72.315,-36.305,Geophysical
168,1939,22.0,-0.628,5.552,Geophysical
169,1939,13.0,10.4,39.7,Geophysical
170,1939,32962.0,39.57,39.771,Geophysical
171,1939,60.0,27.164,39.209,Geophysical
172,1939,27.0,139.682,39.945,Geophysical
173,1939,37.0,-72.0,-12.5,Geophysical
174,1940,980.0,26.8,45.8,Geophysical
175,1940,37.0,35.5,38.4,Geophysical
176,1940,9.0,-115.5,32.733,Geophysical
177,1940,179.0,-77.0,-10.5,Geophysical
178,1940,181.0,102.3,23.9,Geophysical
179,1940,16.0,43.8,41.7,Geophysical
181,1941,15.0,99.814,22.408,Geophysical
182,1941,1200.0,43.5,16.4,Geophysical
183,1941,730.0,58.785,33.482,Geophysical
184,1941,132.0,127.2,47.0,Geophysical
185,1941,430.0,43.3,39.5,Geophysical
186,1941,15.0,102.3,31.7,Geophysical
187,1941,15.0,39.4,39.7,Geophysical
188,1941,319.0,120.393,23.304,Geophysical
189,1942,200.0,-79.955,-0.025,Geophysical
190,1942,3000.0,36.732,40.87,Geophysical
191,1942,90.0,100.3,23.1,Geophysical
192,1942,30.0,-74.708,-14.819,Geophysical
193,1942,43.0,20.4,41.7,Geophysical
194,1942,16.0,28.2,39.2,Geophysical
195,1942,17.0,34.6,40.3,Geophysical
196,1943,200.0,-71.5,-14.2,Geophysical
197,1943,12.0,-71.475,-31.432,Geophysical
198,1943,4020.0,33.562,40.916,Geophysical
199,1943,213.0,109.803,-8.591,Geophysical
200,1943,1400.0,133.993,35.448,Geophysical
201,1943,285.0,30.5,40.8,Geophysical
202,1943,19.0,17.0,44.3,Geophysical
203,1943,285.0,30.5,40.6,Geophysical
204,1943,550.0,40.0,40.0,Geophysical
205,1944,10000.0,68.436,-31.372,Geophysical
206,1944,3959.0,32.992,40.696,Geophysical
207,1944,27.0,26.596,39.502,Geophysical
208,1944,1223.0,36.204,33.682,Geophysical
209,1944,26.0,14.426,40.821,Geophysical
210,1944,20.0,54.5,36.8,Geophysical
211,1944,21.0,29.3,38.9,Geophysical
212,1945,4000.0,63.601,24.927,Geophysical
213,1945,2306.0,137.064,34.612,Geophysical
214,1945,300.0,35.8,37.4,Geophysical
215,1945,20.0,52.1,35.2,Geophysical
216,1945,300.0,43.3,38.5,Geophysical
217,1945,17.0,119.0,39.5,Geophysical
218,1946,276.0,5.0,35.75,Geophysical
219,1946,165.0,-162.832,53.492,Geophysical
220,1946,840.0,41.2,39.3,Geophysical
221,1946,2.0,-70.5,-26.5,Geophysical
222,1946,1400.0,-77.535,-8.41,Geophysical
223,1946,2000.0,135.895,33.116,Geophysical
224,1946,73.0,-69.0,19.25,Geophysical
225,1946,400.0,54.648,39.826,Geophysical
226,1946,12.0,31.8,38.2,Geophysical
227,1946,58.0,121.086,26.19,Geophysical
228,1947,400.0,58.643,33.621,Geophysical
229,1947,233.0,-74.725,-10.973,Geophysical
230,1947,3.0,21.897,36.728,Geophysical
231,1948,5131.0,136.0,36.5,Geophysical
232,1948,110000.0,58.32,37.95,Geophysical
233,1948,72.0,122.0,10.5,Geophysical
234,1948,2.0,20.425,38.532,Geophysical
235,1948,800.0,100.5,29.5,Geophysical
236,1948,110.0,99.7,26.4,Geophysical
237,1949,35.0,-73.5,-38.0,Geophysical
238,1949,8.0,-122.617,47.167,Geophysical
239,1949,3500.0,70.8,39.2,Geophysical
240,1949,6000.0,-78.2,-1.5,Geophysical
241,1949,6.0,-71.0,-54.0,Geophysical
242,1949,320.0,40.5,39.0,Geophysical
243,1949,21.0,84.0,42.0,Geophysical
244,1950,83.0,-72.0,-13.5,Geophysical
245,1950,1500.0,96.5,28.5,Geophysical
246,1950,211.0,-72.5,7.8,Geophysical
247,1950,100.0,-68.0,10.5,Geophysical
248,1950,20.0,53.2,27.3,Geophysical
249,1950,20.0,40.0,40.0,Geophysical
250,1950,16.0,113.0,-6.0,Geophysical
251,1951,1100.0,-87.8,13.3,Geophysical
252,1951,54.0,33.4,40.8,Geophysical
253,1951,500.0,-87.5,13.0,Geophysical
254,1951,3000.0,147.1,-9.3,Geophysical
255,1951,68.0,121.7,23.8,Geophysical
256,1951,17.0,121.5,22.9,Geophysical
258,1952,12.0,-118.998,34.958,Geophysical
259,1952,2.0,-118.917,35.333,Geophysical
260,1952,20.0,35.5,36.5,Geophysical
261,1952,6.0,73.2,18.3,Geophysical
262,1952,103.0,41.7,39.9,Geophysical
263,1952,33.0,143.899,42.084,Geophysical
266,1952,94.0,39.5,39.8,Geophysical
267,1952,54.0,91.601,30.648,Geophysical
269,1952,29.0,-83.5,10.3,Geophysical
270,1953,476.0,20.942,38.182,Geophysical
271,1953,970.0,54.979,35.385,Geophysical
272,1953,1200.0,27.648,40.175,Geophysical
273,1953,12.0,-72.866,-37.093,Geophysical
274,1953,3.0,-68.7,-22.1,Geophysical
275,1953,9.0,-80.636,-3.552,Geophysical
276,1953,40.0,32.335,34.741,Geophysical
277,1953,11.0,52.3,28.5,Geophysical
278,1953,37.0,26.3,41.4,Geophysical
279,1954,2000.0,66.0,36.0,Geophysical
280,1954,1250.0,1.467,36.283,Geophysical
281,1954,13.0,123.9,13.0,Geophysical
282,1954,31.0,22.2,39.3,Geophysical
283,1954,25.0,22.1,39.8,Geophysical
284,1955,400.0,124.081,7.674,Geophysical
285,1955,20.0,29.6,32.2,Geophysical
286,1955,39.0,101.8,30.0,Geophysical
287,1955,12.0,67.0,30.5,Geophysical
288,1955,8.0,23.1,39.4,Geophysical
289,1955,10.0,-84.5,10.0,Geophysical
290,1956,350.0,54.462,27.407,Geophysical
291,1956,136.0,35.5,35.5,Geophysical
292,1956,100.0,67.5,35.1,Geophysical
293,1956,53.0,25.957,36.664,Geophysical
294,1956,113.0,70.0,23.0,Geophysical
295,1956,11.0,-4.0,37.0,Geophysical
296,1957,2500.0,52.778,36.277,Geophysical
297,1957,160.0,-99.1,16.5,Geophysical
299,1957,1200.0,99.5,45.5,Geophysical
300,1957,3000.0,47.8,34.3,Geophysical
301,1957,13.0,8.9,36.2,Geophysical
302,1957,53.0,30.9,40.7,Geophysical
303,1957,44.0,52.5,33.4,Geophysical
304,1958,191.0,47.9,34.4,Geophysical
305,1958,28.0,-72.0,-16.5,Geophysical
306,1958,8.0,112.5,-9.5,Geophysical
307,1958,111.0,-79.5,1.5,Geophysical
308,1959,28.0,-111.215,44.712,Geophysical
309,1959,25.0,-94.416,18.22,Geophysical
310,1959,16.0,121.105,22.078,Geophysical
311,1960,480.0,54.5,28.0,Geophysical
312,1960,63.0,-72.75,-15.75,Geophysical
313,1960,13100.0,-9.62,30.45,Geophysical
315,1960,6000.0,-73.407,-38.143,Geophysical
316,1960,57.0,4.1,36.0,Geophysical
317,1961,30.0,39.9,10.4,Geophysical
318,1961,60.0,54.528,27.861,Geophysical
319,1961,10.0,136.7,36.0,Geophysical
320,1962,12000.0,49.843,35.656,Geophysical
321,1962,47.0,-76.352,5.173,Geophysical
322,1962,15.0,19.5,40.9,Geophysical
323,1962,16.0,15.5,41.4,Geophysical
324,1963,300.0,21.0,32.6,Geophysical
325,1963,1070.0,21.3,42.1,Geophysical
326,1963,15.0,122.094,24.411,Geophysical
327,1964,107.0,120.6,23.2,Geophysical
329,1964,131.0,-147.339,60.908,Geophysical
330,1964,4.0,32.56,-2.31,Geophysical
331,1964,45.0,-100.605,18.136,Geophysical
332,1964,25.0,139.195,38.67,Geophysical
333,1964,23.0,28.206,40.203,Geophysical
334,1965,2.0,4.4,35.7,Geophysical
335,1965,38.0,24.0,39.4,Geophysical
336,1965,400.0,-71.233,-32.522,Geophysical
337,1965,7.0,-122.3,47.4,Geophysical
338,1965,125.0,-89.3,13.5,Geophysical
339,1965,71.0,-125.952,-2.608,Geophysical
340,1965,20.0,47.1,37.6,Geophysical
341,1965,32.0,21.8,37.7,Geophysical
342,1966,1.0,22.0,39.2,Geophysical
343,1966,104.0,29.863,0.622,Geophysical
344,1966,10.0,69.1,41.2,Geophysical
345,1966,80.0,80.935,29.706,Geophysical
346,1966,14.0,41.3,38.5,Geophysical
347,1966,2394.0,41.572,39.235,Geophysical
348,1966,1.0,22.1,37.5,Geophysical
349,1966,120.0,-78.228,-10.665,Geophysical
350,1966,4.0,-70.55,-25.494,Geophysical
351,1966,10.0,41.6,39.1,Geophysical
352,1966,12.0,41.3,38.9,Geophysical
353,1966,15.0,78.9,28.7,Geophysical
354,1967,61.0,-74.798,2.849,Geophysical
355,1967,9.0,21.2,39.5,Geophysical
356,1967,183.0,30.8,40.751,Geophysical
357,1967,240.0,-67.33,10.559,Geophysical
358,1967,7.0,21.28,42.0,Geophysical
359,1967,11.0,20.532,41.386,Geophysical
360,1967,177.0,73.885,17.412,Geophysical
361,1967,71.0,119.3,-3.7,Geophysical
362,1967,54.0,113.017,-8.965,Geophysical
363,1967,1.0,-0.5,43.2,Geophysical
365,1967,14.0,96.286,5.121,Geophysical
366,1967,10.0,-0.1,35.5,Geophysical
367,1967,97.0,40.4,39.5,Geophysical
368,1967,20.0,-73.032,6.747,Geophysical
370,1968,224.0,13.033,37.702,Geophysical
371,1968,19.0,24.957,39.368,Geophysical
372,1968,38.0,44.3,39.2,Geophysical
373,1968,47.0,140.43,40.5,Geophysical
374,1968,11.0,-77.086,-5.61,Geophysical
375,1968,271.0,122.067,16.316,Geophysical
376,1968,200.0,119.802,0.157,Geophysical
377,1968,10000.0,59.083,34.158,Geophysical
378,1968,24.0,32.463,41.86,Geophysical
379,1968,15.0,-92.7,15.5,Geophysical
381,1968,1.0,19.3,42.1,Geophysical
382,1968,3.0,172.02,-41.659,Geophysical
383,1968,18.0,-97.739,16.519,Geophysical
384,1968,700.0,58.2,34.0,Geophysical
385,1969,50.0,57.9,37.1,Geophysical
386,1969,64.0,118.904,-3.201,Geophysical
387,1969,53.0,28.546,38.515,Geophysical
388,1969,24.0,41.21,11.9,Geophysical
389,1969,3000.0,111.8,22.317,Geophysical
390,1969,9.0,19.386,-33.268,Geophysical
391,1969,150.0,-75.051,-11.841,Geophysical
392,1969,15.0,17.3,44.9,Geophysical
393,1969,11.0,-10.613,36.033,Geophysical
394,1969,2.0,-10.613,36.033,Geophysical
395,1969,2.0,33.895,27.575,Geophysical
396,1970,14.0,121.63,15.791,Geophysical
397,1970,10000.0,102.543,24.185,Geophysical
398,1970,1086.0,29.57,39.098,Geophysical
399,1970,66794.0,-78.737,-9.183,Geophysical
400,1970,176.0,55.885,37.733,Geophysical
402,1970,15.0,145.396,-4.999,Geophysical
403,1970,29.0,-80.542,-4.026,Geophysical
404,1970,29.0,-80.542,-4.026,Geophysical
405,1970,26.0,73.0,21.7,Geophysical
406,1970,12.0,-75.6,-9.9,Geophysical
408,1971,22.0,11.8,42.5,Geophysical
409,1971,65.0,-118.37,34.416,Geophysical
410,1971,57.0,29.8,37.6,Geophysical
411,1971,878.0,40.653,38.934,Geophysical
412,1971,85.0,-71.076,-32.601,Geophysical
413,1971,1.0,109.1,-7.2,Geophysical
414,1972,12.0,-76.726,-6.855,Geophysical
415,1972,5057.0,52.765,28.415,Geophysical
416,1972,10000.0,-86.223,12.184,Geophysical
417,1972,1.0,13.3,43.8,Geophysical
418,1972,100.0,73.4,36.0,Geophysical
419,1972,2.0,13.3,43.8,Geophysical
420,1972,11.0,69.681,36.278,Geophysical
421,1973,56.0,-102.996,18.481,Geophysical
422,1973,14.0,122.787,13.372,Geophysical
423,1973,21.0,-84.759,10.679,Geophysical
424,1973,500.0,-96.598,18.267,Geophysical
429,1974,20000.0,104.1,28.4,Geophysical
430,1974,30.0,138.74,34.522,Geophysical
431,1974,78.0,-77.795,-12.265,Geophysical
432,1974,4700.0,72.9,35.1,Geophysical
433,1974,10.0,-76.352,-12.299,Geophysical
434,1974,11.0,-77.688,7.747,Geophysical
435,1975,47.0,78.43,32.455,Geophysical
436,1975,2000.0,122.58,40.641,Geophysical
437,1975,200.0,155.152,-7.104,Geophysical
438,1975,2385.0,40.723,38.474,Geophysical
440,1976,1.0,-16.582,66.157,Geophysical
442,1976,23000.0,-89.101,15.324,Geophysical
443,1976,50.0,67.79,36.61,Geophysical
444,1976,2.0,43.01,41.13,Geophysical
445,1976,10.0,79.804,0.782,Geophysical
446,1976,922.0,13.275,46.356,Geophysical
448,1976,420.0,140.091,-4.603,Geophysical
449,1976,573.0,114.888,-8.17,Geophysical
450,1976,242000.0,117.978,39.57,Geophysical
451,1976,6000.0,124.023,6.262,Geophysical
453,1976,4.0,28.89,37.7,Geophysical
454,1976,10.0,-78.3,-0.14,Geophysical
455,1976,133.0,139.918,-4.517,Geophysical
456,1976,16.0,59.15,33.8,Geophysical
457,1976,3840.0,44.029,39.121,Geophysical
458,1976,1.0,-78.436,-0.677,Geophysical
459,1976,11.0,13.197,46.302,Geophysical
460,1977,147.0,29.25,-1.52,Geophysical
461,1977,20.0,26.76,45.77,Geophysical
462,1977,1641.0,26.761,45.772,Geophysical
463,1977,1.0,122.327,16.773,Geophysical
464,1977,167.0,56.393,27.609,Geophysical
465,1977,30.0,40.02,38.56,Geophysical
466,1977,352.0,50.68,31.98,Geophysical
467,1977,34.0,160.323,-9.828,Geophysical
468,1977,3.0,44.38,38.934,Geophysical
469,1977,1.0,-175.9,-22.878,Geophysical
470,1977,185.0,118.378,-11.164,Geophysical
471,1977,70.0,-67.767,-31.028,Geophysical
472,1977,3.0,56.57,27.69,Geophysical
473,1977,589.0,56.47,30.95,Geophysical
474,1978,25.0,139.259,34.809,Geophysical
475,1978,5.0,15.066,38.391,Geophysical
476,1978,28.0,142.028,38.19,Geophysical
477,1978,50.0,23.229,40.739,Geophysical
479,1978,25000.0,57.434,33.386,Geophysical
480,1978,9.0,-96.591,16.01,Geophysical
481,1978,45.0,49.65,32.14,Geophysical
483,1979,199.0,59.472,33.897,Geophysical
484,1979,13.0,-72.658,-16.39,Geophysical
485,1979,5.0,-101.276,17.813,Geophysical
486,1979,35.0,19.209,42.096,Geophysical
487,1979,121.0,19.209,42.096,Geophysical
489,1979,34.0,115.95,-8.21,Geophysical
490,1979,42.0,119.241,31.452,Geophysical
491,1979,539.0,123.5,8.8,Geophysical
493,1979,2.0,136.04,-1.679,Geophysical
494,1979,9.0,15.004,37.734,Geophysical
496,1979,26.0,108.252,-7.656,Geophysical
497,1979,350.0,59.741,33.918,Geophysical
498,1979,60.0,-76.217,4.805,Geophysical
499,1979,16.0,59.726,33.962,Geophysical
500,1979,579.0,-79.358,1.598,Geophysical
501,1979,5.0,102.712,-3.299,Geophysical
502,1979,32.0,115.889,-8.39,Geophysical
503,1979,5.0,13.061,42.812,Geophysical
504,1979,11.0,7.25,43.7,Geophysical
506,1980,69.0,-27.78,38.815,Geophysical
508,1980,2.0,-115.122,32.2,Geophysical
509,1980,100.0,81.092,29.598,Geophysical
510,1980,8.0,-80.017,-1.948,Geophysical
511,1980,13.0,75.633,32.913,Geophysical
512,1980,2.0,139.964,35.45,Geophysical
513,1980,2633.0,1.354,36.195,Geophysical
514,1980,65.0,-98.24,18.211,Geophysical
515,1980,7.0,-74.545,-13.347,Geophysical
516,1980,4689.0,15.366,40.914,Geophysical
517,1980,20.0,50.652,34.587,Geophysical
518,1980,4.0,50.59,34.503,Geophysical
520,1980,1.0,22.729,39.203,Geophysical
521,1980,26.0,51.26,35.4,Geophysical
522,1981,306.0,139.232,-4.576,Geophysical
523,1981,150.0,101.098,30.927,Geophysical
524,1981,22.0,22.934,38.222,Geophysical
525,1981,2000.0,57.715,29.913,Geophysical
526,1981,10.0,-74.522,-13.166,Geophysical
527,1981,1200.0,57.794,30.013,Geophysical
529,1981,250.0,73.594,35.693,Geophysical
530,1981,10.0,-72.527,8.117,Geophysical
531,1981,3.0,-102.084,18.048,Geophysical
532,1981,2.0,20.699,39.481,Geophysical
534,1981,6.0,66.962,29.856,Geophysical
535,1981,8.0,-74.376,-13.144,Geophysical
536,1981,12.0,14.601,41.051,Geophysical
538,1982,110.0,142.361,42.158,Geophysical
539,1982,10.0,99.931,31.907,Geophysical
540,1982,20.0,-89.387,13.332,Geophysical
542,1982,500.0,69.011,36.148,Geophysical
543,1982,13.0,123.08,-8.405,Geophysical
544,1982,1507.0,44.379,14.701,Geophysical
546,1982,1.0,19.59,40.883,Geophysical
547,1982,9.0,-98.358,16.558,Geophysical
548,1982,3.0,-76.065,-12.69,Geophysical
550,1982,10.0,-93.21,17.25,Geophysical
551,1983,30.0,52.264,35.953,Geophysical
552,1983,250.0,-76.686,2.461,Geophysical
553,1983,10.0,-83.123,8.717,Geophysical
556,1983,10.0,-78.103,-4.843,Geophysical
557,1983,102.0,139.102,40.462,Geophysical
558,1983,2.0,-83.688,9.652,Geophysical
559,1983,19.0,120.86,18.231,Geophysical
561,1983,4.0,-70.563,-26.535,Geophysical
563,1983,1346.0,42.187,40.33,Geophysical
564,1983,34.0,115.213,35.206,Geophysical
565,1983,2.0,5.31,50.37,Geophysical
566,1983,443.0,-13.529,11.866,Geophysical
567,1983,10.0,151.868,5.392,Geophysical
568,1983,12.0,70.738,36.372,Geophysical
572,1983,12.0,21.54,41.959,Geophysical
573,1983,3.0,49.18,36.948,Geophysical
574,1983,1.0,139.07,35.5,Geophysical
575,1983,2.0,-113.857,44.058,Geophysical
576,1983,2.0,120.858,1.131,Geophysical
578,1984,2.0,118.806,-2.823,Geophysical
580,1984,3.0,12.558,43.26,Geophysical
581,1984,3.0,13.5,42.1,Geophysical
583,1984,20.0,138.1,36.39,Geophysical
584,1984,3.0,42.22,40.89,Geophysical
585,1984,20.0,92.34,24.4,Geophysical
586,1984,1.0,15.06,37.31,Geophysical
587,1984,1.0,70.28,34.26,Geophysical
589,1984,4.0,71.15,34.07,Geophysical
590,1984,3.0,42.4,40.55,Geophysical
591,1985,6.0,-68.467,-33.053,Geophysical
592,1985,1.0,52.997,28.399,Geophysical
593,1985,180.0,-71.871,-33.135,Geophysical
594,1985,22.0,102.871,25.926,Geophysical
595,1985,5.0,70.896,36.19,Geophysical
597,1985,67.0,75.224,39.431,Geophysical
598,1985,9500.0,-102.533,18.19,Geophysical
599,1985,10.0,136.049,-4.13,Geophysical
601,1985,29.0,69.823,40.301,Geophysical
602,1985,2.0,123.544,7.758,Geophysical
607,1985,30.0,6.791,36.46,Geophysical
608,1986,15.0,-71.57,-13.32,Geophysical
609,1986,15.0,37.806,37.993,Geophysical
611,1986,1.0,46.5,26.0,Geophysical
612,1986,20.0,22.07,37.02,Geophysical
613,1986,1100.0,-89.1,13.4,Geophysical
614,1986,3.0,25.57,43.12,Geophysical
615,1986,1.0,-62.42,-3.58,Geophysical
616,1986,1.0,-77.512,-9.505,Geophysical
618,1986,2.0,43.737,41.431,Geophysical
620,1986,1.0,51.582,29.962,Geophysical
622,1986,1.0,-69.428,10.77,Geophysical
626,1986,6.0,76.374,32.128,Geophysical
627,1987,1.0,147.689,-6.088,Geophysical
628,1987,1.0,176.765,-37.965,Geophysical
629,1987,5000.0,-77.785,0.151,Geophysical
630,1987,2.0,98.866,2.244,Geophysical
631,1987,2.0,48.266,34.076,Geophysical
633,1987,5.0,-69.991,-19.022,Geophysical
635,1987,2.0,-78.05,-0.978,Geophysical
636,1987,8.0,-118.079,34.061,Geophysical
637,1987,125.0,124.155,-8.247,Geophysical
638,1987,2.0,140.214,35.38,Geophysical
639,1987,2.0,-115.852,33.015,Geophysical
641,1987,1.0,1.374,35.964,Geophysical
643,1988,1.0,51.679,29.974,Geophysical
645,1988,5.0,-90.45,13.881,Geophysical
646,1988,2.0,91.57,24.688,Geophysical
649,1988,382.0,86.616,26.755,Geophysical
650,1988,709.0,86.616,26.755,Geophysical
653,1988,939.0,99.611,22.789,Geophysical
654,1988,25000.0,44.185,40.987,Geophysical
655,1988,1.0,160.855,-10.199,Geophysical
657,1989,274.0,68.694,38.465,Geophysical
660,1989,1.0,89.763,21.861,Geophysical
661,1989,3.0,-99.328,16.773,Geophysical
662,1989,8.0,99.195,29.987,Geophysical
663,1989,100.0,50.921,30.167,Geophysical
664,1989,120.0,139.022,-4.511,Geophysical
665,1989,62.0,-121.88,37.036,Geophysical
666,1989,29.0,113.884,39.893,Geophysical
667,1989,22.0,2.448,36.788,Geophysical
668,1989,12.0,151.619,-32.967,Geophysical
669,1989,1.0,99.526,23.553,Geophysical
670,1989,9.0,34.29,-13.45,Geophysical
671,1989,5.0,-155.083,19.362,Geophysical
673,1989,4.0,106.804,29.882,Geophysical
676,1990,1.0,124.625,9.725,Geophysical
677,1990,33.0,112.3,-7.9,Geophysical
678,1990,5.0,122.857,1.186,Geophysical
679,1990,1.0,26.668,45.841,Geophysical
680,1990,9.0,26.668,45.841,Geophysical
681,1990,4.0,26.668,45.841,Geophysical
682,1990,4.0,121.899,11.76,Geophysical
683,1990,200.0,-77.229,-6.016,Geophysical
685,1990,1.0,85.12,47.892,Geophysical
687,1990,40000.0,49.414,36.961,Geophysical
688,1990,2412.0,121.227,15.658,Geophysical
689,1990,1.0,103.863,37.001,Geophysical
690,1990,126.0,100.245,35.986,Geophysical
691,1990,2.0,15.48,40.38,Geophysical
692,1990,21.0,55.462,28.251,Geophysical
693,1990,11.0,70.486,35.121,Geophysical
694,1990,1.0,22.5,40.9,Geophysical
695,1990,1.0,84.302,9.869,Geophysical
699,1990,11.0,66.331,28.925,Geophysical
711,1990,4.0,-78.449,-0.259,Geophysical
712,1990,19.0,15.438,37.3,Geophysical
713,1990,1.0,97.457,3.908,Geophysical
717,1990,10.0,27.349,-26.39,Geophysical
719,1991,130.0,70.423,38.993,Geophysical
720,1991,300.0,70.423,38.993,Geophysical
721,1991,3.0,70.423,35.883,Geophysical
724,1991,53.0,-77.094,-5.982,Geophysical
726,1991,1.0,173.9,39.8,Geophysical
727,1991,47.0,-83.073,9.685,Geophysical
728,1991,30.0,-83.073,9.685,Geophysical
729,1991,270.0,42.44,42.15,Geophysical
730,1991,8.0,44.0,42.8,Geophysical
732,1991,640.0,120.35,15.13,Geophysical
733,1991,28.0,125.681,-8.099,Geophysical
734,1991,11.0,-71.274,-15.679,Geophysical
735,1991,2.0,-118.09,34.1,Geophysical
737,1991,43.0,130.3,32.75,Geophysical
738,1991,14.0,-90.986,14.646,Geophysical
739,1991,20.0,44.01,36.12,Geophysical
743,1991,1500.0,78.774,30.78,Geophysical
744,1991,2.0,-77.442,3.554,Geophysical
747,1991,24.0,68.273,37.457,Geophysical
748,1991,1.0,68.273,37.457,Geophysical
749,1991,10.0,44.068,13.887,Geophysical
756,1992,653.0,39.605,39.71,Geophysical
757,1992,1.0,-86.7,12.5,Geophysical
759,1992,4.0,66.7,29.3,Geophysical
760,1992,9.0,26.651,-6.087,Geophysical
762,1992,179.0,-87.34,11.742,Geophysical
763,1992,54.0,73.575,42.142,Geophysical
764,1992,4.0,74.01,42.01,Geophysical
766,1992,1.0,5.798,51.153,Geophysical
772,1992,552.0,31.223,29.888,Geophysical
773,1992,11.0,7.0,7.123,Geophysical
774,1992,2500.0,121.93,-8.482,Geophysical
775,1992,5.0,50.778,31.726,Geophysical
776,1992,14.0,71.317,33.377,Geophysical
777,1992,36.0,71.317,33.377,Geophysical
778,1992,1.0,-118.15,34.0,Geophysical
779,1992,9.0,72.429,41.019,Geophysical
783,1992,1.0,45.073,42.503,Geophysical
785,1993,79.0,123.7,13.3,Geophysical
786,1993,24.0,50.814,30.149,Geophysical
787,1993,239.0,139.197,42.851,Geophysical
789,1993,3.0,31.69,15.385,Geophysical
790,1993,9748.0,74.2,16.4,Geophysical
791,1993,53.0,146.202,-5.889,Geophysical
793,1993,2.0,143.691,43.3,Geophysical
794,1993,10.0,-77.4,1.2,Geophysical
796,1993,2.0,106.0,-6.3,Geophysical
797,1993,5.0,-178.252,-14.385,Geophysical
798,1993,1.0,21.391,37.589,Geophysical
799,1993,6.0,-76.53,-11.652,Geophysical
800,1993,1.0,130.3,32.75,Geophysical
801,1993,3.0,-84.04,9.59,Geophysical
802,1993,2.0,-122.01,42.314,Geophysical
803,1993,2.0,-71.21,6.47,Geophysical
808,1994,60.0,30.12,0.34,Geophysical
809,1994,7.0,127.733,1.015,Geophysical
810,1994,207.0,104.302,-4.967,Geophysical
811,1994,7.0,112.9,-8.1,Geophysical
812,1994,9.0,60.596,30.853,Geophysical
813,1994,3.0,52.617,29.096,Geophysical
814,1994,7.0,30.037,0.593,Geophysical
815,1994,160.0,67.0,37.0,Geophysical
816,1994,5.0,-67.553,-13.841,Geophysical
817,1994,271.0,-76.2,30.0,Geophysical
818,1994,239.0,13.2,-10.2,Geophysical
819,1994,2.0,52.5,29.21,Geophysical
822,1994,171.0,-0.12,35.52,Geophysical
823,1994,5.0,152.203,-4.271,Geophysical
824,1994,1.0,118.7,22.52,Geophysical
825,1994,2.0,143.4,40.5,Geophysical
826,1994,11.0,147.51,45.1,Geophysical
827,1994,5.0,147.51,45.1,Geophysical
828,1994,1.0,128.5,-1.14,Geophysical
829,1994,58.0,110.4,-7.5,Geophysical
830,1994,81.0,121.087,13.352,Geophysical
838,1995,7.0,-73.1,4.9,Geophysical
839,1995,5297.0,135.0,34.58,Geophysical
840,1995,40.0,-76.6,4.1,Geophysical
841,1995,2.0,32.3,35.1,Geophysical
842,1995,1.0,-79.54,-2.13,Geophysical
843,1995,8.0,-77.17,1.12,Geophysical
845,1995,15.0,21.6,40.1,Geophysical
846,1995,26.0,21.6,40.1,Geophysical
848,1995,1989.0,142.9,52.5,Geophysical
849,1995,11.0,99.196,21.966,Geophysical
852,1995,3.0,-70.36,-23.34,Geophysical
853,1995,6.0,-98.6,16.8,Geophysical
854,1995,2.0,-77.8,-2.7,Geophysical
855,1995,94.0,30.1,38.0,Geophysical
857,1995,84.0,101.3,-2.1,Geophysical
858,1995,58.0,104.1,16.2,Geophysical
859,1995,46.0,102.2,25.9,Geophysical
861,1995,10.0,34.8,28.8,Geophysical
862,1995,26.0,22.2,38.4,Geophysical
865,1995,14.0,103.105,36.443,Geophysical
866,1996,9.0,119.931,0.729,Geophysical
868,1996,309.0,102.41,25.04,Geophysical
869,1996,7.0,-79.587,-9.593,Geophysical
870,1996,166.0,137.15,1.1,Geophysical
871,1996,27.0,78.3,-0.68,Geophysical
872,1996,18.0,109.661,40.774,Geophysical
873,1996,26.0,76.44,39.28,Geophysical
879,1996,14.0,-75.7,-14.9,Geophysical
881,1996,4.0,145.037,-4.08,Geophysical
883,1997,12.0,76.998,39.474,Geophysical
884,1997,1.0,110.26,-7.32,Geophysical
885,1997,100.0,57.291,37.661,Geophysical
887,1997,50.0,68.208,29.976,Geophysical
888,1997,1100.0,48.05,38.075,Geophysical
890,1997,32.0,-62.14,16.45,Geophysical
891,1997,1.0,-101.16,17.31,Geophysical
892,1997,5.0,59.809,33.825,Geophysical
893,1997,1568.0,59.809,33.825,Geophysical
894,1997,43.0,80.041,23.083,Geophysical
896,1997,80.0,-63.486,10.598,Geophysical
897,1997,14.0,13.0,43.0,Geophysical
898,1997,20.0,119.4,-4.0,Geophysical
899,1997,8.0,-71.22,-30.933,Geophysical
900,1997,23.0,92.702,22.212,Geophysical
901,1997,9.0,76.5,39.3,Geophysical
902,1997,20.0,-98.38,19.02,Geophysical
904,1997,2.0,76.839,39.422,Geophysical
905,1997,9.0,76.941,39.527,Geophysical
907,1997,15.0,26.619,-26.857,Geophysical
908,1997,0.0,166.676,-12.584,Geophysical
909,1998,2323.0,70.089,37.075,Geophysical
910,1998,5.0,57.605,30.154,Geophysical
911,1998,49.0,114.5,41.083,Geophysical
913,1998,12.0,59.976,32.457,Geophysical
917,1998,4700.0,70.11,37.106,Geophysical
918,1998,95.0,-65.431,-17.731,Geophysical
920,1998,145.0,35.307,3.878,Geophysical
921,1998,10.0,-28.626,38.65,Geophysical
923,1998,1.0,48.507,38.717,Geophysical
925,1998,2182.0,141.926,-2.961,Geophysical
926,1998,3.0,-80.393,-0.593,Geophysical
927,1998,3.0,101.029,27.308,Geophysical
928,1998,5.0,53.608,27.791,Geophysical
930,1998,33.0,124.891,-2.071,Geophysical
933,1998,1.0,71.086,36.479,Geophysical
936,1998,3.0,77.343,39.66,Geophysical
937,1998,1.0,112.413,-8.194,Geophysical
942,1999,1186.0,-75.724,4.461,Geophysical
944,1999,70.0,69.364,34.259,Geophysical
946,1999,1.0,57.193,28.343,Geophysical
947,1999,100.0,79.403,30.512,Geophysical
949,1999,20.0,51.88,29.501,Geophysical
950,1999,1.0,47.448,40.802,Geophysical
951,1999,15.0,-97.436,18.386,Geophysical
952,1999,6.0,91.895,21.544,Geophysical
953,1999,17127.0,29.864,40.748,Geophysical
954,1999,143.0,23.605,38.119,Geophysical
955,1999,6.0,30.045,40.709,Geophysical
956,1999,2264.0,120.982,23.772,Geophysical
957,1999,31.0,96.7,16.1,Geophysical
959,1999,1.0,-72.662,-16.66,Geophysical
961,1999,1.0,29.949,40.711,Geophysical
962,1999,1.0,120.506,23.445,Geophysical
964,1999,3.0,31.161,40.758,Geophysical
965,1999,845.0,31.161,40.758,Geophysical
967,1999,12.0,168.214,-16.423,Geophysical
970,1999,22.0,-1.281,35.321,Geophysical
971,1999,5.0,105.555,-6.845,Geophysical
975,1999,1.0,46.82,43.21,Geophysical
977,1999,2.0,88.33,15.782,Geophysical
978,1999,6.0,119.74,15.766,Geophysical
981,2000,7.0,101.063,25.607,Geophysical
982,2000,1.0,103.797,24.263,Geophysical
984,2000,1.0,58.218,35.288,Geophysical
987,2000,2.0,-77.829,7.042,Geophysical
991,2000,45.0,123.573,-1.105,Geophysical
992,2000,1.0,38.777,38.164,Geophysical
993,2000,2.0,32.992,40.693,Geophysical
994,2000,103.0,102.102,-4.646,Geophysical
998,2000,7.0,-85.988,11.884,Geophysical
999,2000,1.0,139.131,34.221,Geophysical
1002,2000,1.0,102.194,25.826,Geophysical
1004,2000,1.0,30.709,-7.977,Geophysical
1007,2000,2.0,152.169,-3.98,Geophysical
1009,2000,1.0,101.905,-4.612,Geophysical
1010,2000,31.0,49.946,40.245,Geophysical
1012,2000,11.0,54.799,39.566,Geophysical
1014,2001,844.0,-88.66,13.049,Geophysical
1015,2001,6.0,-88.66,13.049,Geophysical
1016,2001,20005.0,70.232,23.419,Geophysical
1017,2001,12.0,70.232,23.419,Geophysical
1018,2001,315.0,-88.938,13.671,Geophysical
1019,2001,3.0,101.129,29.513,Geophysical
1021,2001,1.0,-122.7266667,47.149,Geophysical
1022,2001,2.0,132.526,34.083,Geophysical
1023,2001,2.0,99.061,24.768,Geophysical
1024,2001,2.0,101.003,27.689,Geophysical
1025,2001,4.0,69.389,35.169,Geophysical
1027,2001,145.0,-73.641,-16.265,Geophysical
1036,2001,1.0,100.648,26.316,Geophysical
1042,2001,2.0,-72.516,-15.35,Geophysical
1043,2001,4.0,-72.683,-14.258,Geophysical
1045,2002,3.0,69.902,38.673,Geophysical
1046,2002,200.0,29.25,-1.52,Geophysical
1047,2002,45.0,29.077,-1.684,Geophysical
1048,2002,42.0,31.271,38.573,Geophysical
1049,2002,1.0,142.427,-3.212,Geophysical
1052,2002,1.0,51.755,28.093,Geophysical
1053,2002,150.0,70.438,36.429,Geophysical
1054,2002,3.0,70.438,36.429,Geophysical
1056,2002,15.0,124.249,6.033,Geophysical
1057,2002,4.0,122.179,24.279,Geophysical
1058,2002,1000.0,69.315,36.062,Geophysical
1059,2002,50.0,69.417,35.959,Geophysical
1060,2002,1.0,21.466,42.436,Geophysical
1061,2002,2.0,47.4,34.642,Geophysical
1062,2002,6.0,44.96,41.765,Geophysical
1064,2002,227.0,49.047,35.626,Geophysical
1067,2002,4.0,142.945,-3.302,Geophysical
1068,2002,2.0,93.068,13.036,Geophysical
1069,2002,8.0,134.297,-1.757,Geophysical
1070,2002,2.0,33.733,-2.907,Geophysical
1073,2002,30.0,14.872,41.789,Geophysical
1074,2002,17.0,74.654,35.517,Geophysical
1075,2002,19.0,74.515,35.414,Geophysical
1081,2002,3.0,96.085,2.824,Geophysical
1082,2002,2.0,97.443,39.736,Geophysical
1084,2002,2.0,13.701,38.381,Geophysical
1085,2003,29.0,-104.104,18.77,Geophysical
1086,2003,1.0,39.878,39.5,Geophysical
1089,2003,268.0,77.23,39.61,Geophysical
1092,2003,177.0,40.464,39.007,Geophysical
1093,2003,1.0,77.219,39.43,Geophysical
1094,2003,1.0,70.62,35.893,Geophysical
1095,2003,2266.0,3.634,36.964,Geophysical
1097,2003,1.0,128.855,2.354,Geophysical
1098,2003,9.0,3.578,36.939,Geophysical
1099,2003,3.0,72.764,42.946,Geophysical
1102,2003,16.0,101.29,25.975,Geophysical
1105,2003,4.0,119.643,43.77,Geophysical
1108,2003,1.0,54.169,28.355,Geophysical
1109,2003,2.0,92.306,22.854,Geophysical
1110,2003,2.0,143.593,41.774,Geophysical
1111,2003,3.0,-70.673,19.777,Geophysical
1112,2003,3.0,87.813,50.038,Geophysical
1113,2003,3.0,101.254,25.954,Geophysical
1114,2003,9.0,100.975,38.383,Geophysical
1115,2003,1.0,103.834,34.712,Geophysical
1116,2003,4.0,103.971,27.372,Geophysical
1117,2003,11.0,80.515,42.905,Geophysical
1119,2003,2.0,-121.1005,35.7005,Geophysical
1120,2003,2.0,-82.824,8.416,Geophysical
1121,2003,2.0,-82.824,8.416,Geophysical
1122,2003,26796.0,58.311,28.995,Geophysical
1126,2004,1.0,115.788,-8.31,Geophysical
1128,2004,37.0,135.538,-3.615,Geophysical
1129,2004,24.0,73.216,34.774,Geophysical
1130,2004,628.0,-3.997,35.142,Geophysical
1131,2004,5.0,100.655,-0.466,Geophysical
1133,2004,9.0,40.812,39.93,Geophysical
1136,2004,35.0,51.61,36.29,Geophysical
1138,2004,18.0,43.979,39.766,Geophysical
1139,2004,4.0,103.873,27.266,Geophysical
1140,2004,1.0,-76.595,2.265,Geophysical
1141,2004,2.0,69.524,33.426,Geophysical
1143,2004,40.0,138.779,37.226,Geophysical
1144,2004,33.0,124.868,-8.152,Geophysical
1148,2004,1.0,-61.706,15.679,Geophysical
1149,2004,8.0,-84.172,9.602,Geophysical
1150,2004,32.0,135.404,-3.609,Geophysical
1152,2004,2.0,95.982,3.295,Geophysical
1153,2004,165708.0,95.982,3.295,Geophysical
1154,2004,16389.0,95.982,3.295,Geophysical
1155,2004,1.0,95.982,3.295,Geophysical
1156,2004,35399.0,95.982,3.295,Geophysical
1157,2004,102.0,95.982,3.295,Geophysical
1158,2004,71.0,95.982,3.295,Geophysical
1159,2004,80.0,95.982,3.295,Geophysical
1160,2004,298.0,95.982,3.295,Geophysical
1161,2004,3.0,95.982,3.295,Geophysical
1162,2004,8345.0,95.982,3.295,Geophysical
1163,2004,10.0,95.982,3.295,Geophysical
1165,2004,1.0,13.641,46.296,Geophysical
1166,2004,3.0,29.558,-3.393,Geophysical
1169,2005,1.0,119.933,-1.198,Geophysical
1170,2005,2.0,43.703,37.622,Geophysical
1171,2005,612.0,56.816,30.754,Geophysical
1173,2005,1.0,130.131,33.807,Geophysical
1174,2005,2.0,26.789,-26.913,Geophysical
1175,2005,915.0,97.108,2.085,Geophysical
1177,2005,1.0,-89.759,13.835,Geophysical
1179,2005,11.0,-69.197,-19.987,Geophysical
1181,2005,1.0,146.846,-6.319,Geophysical
1183,2005,5.0,-76.398,-5.678,Geophysical
1184,2005,2.0,-89.63,13.852846,Geophysical
1185,2005,1.0,73.588,34.539,Geophysical
1186,2005,1309.0,73.588,34.539,Geophysical
1187,2005,73338.0,73.588,34.539,Geophysical
1188,2005,16.0,115.688,29.671,Geophysical
1189,2005,13.0,55.858,26.774,Geophysical
1191,2005,6.0,29.83,-6.224,Geophysical
1192,2005,2.0,29.83,-6.224,Geophysical
1193,2005,5.0,71.093,36.357,Geophysical
1215,2006,4.0,33.583,-21.324,Geophysical
1226,2006,4.0,5.328,36.623,Geophysical
1227,2006,63.0,48.78,33.5,Geophysical
1259,2006,3.0,127.214,-3.595,Geophysical
1279,2006,5778.0,110.446,-7.961,Geophysical
1320,2006,802.0,107.419,-9.284,Geophysical
1321,2006,5.0,-78.442,-1.467,Geophysical
1333,2006,22.0,104.138,27.995,Geophysical
1334,2006,1.0,68.828,37.255,Geophysical
1335,2006,3.0,68.828,37.255,Geophysical
1366,2006,1.0,104.151,28.012,Geophysical
1410,2006,8.0,99.859,0.626,Geophysical
1412,2006,2.0,120.547,21.799,Geophysical
1418,2006,1.0,118.753,-8.261,Geophysical
1443,2007,67.0,100.53,-0.488,Geophysical
1445,2007,1.0,136.588,37.336,Geophysical
1449,2007,52.0,157.043,-8.466,Geophysical
1459,2007,10.0,-72.648,-45.243,Geophysical
1488,2007,3.0,101.052,23.028,Geophysical
1503,2007,9.0,138.446,37.535,Geophysical
1509,2007,11.0,70.485,38.936,Geophysical
1524,2007,2.0,141.798,47.116,Geophysical
1532,2007,593.0,-76.603,-13.386,Geophysical
1533,2007,5.0,40.82,12.17,Geophysical
1561,2007,25.0,101.367,-4.438,Geophysical
1620,2007,3.0,118.37,-8.292,Geophysical
1624,2007,1.0,-61.274,14.944,Geophysical
1629,2007,2.0,-69.89,-22.247,Geophysical
1652,2007,1.0,-44.231,-15.048,Geophysical
1662,2008,11.0,28.9,-2.296,Geophysical
1663,2008,36.0,28.9,-2.296,Geophysical
1675,2008,3.0,95.964,2.768,Geophysical
1698,2008,87476.0,103.322,31.002,Geophysical
1701,2008,2.0,21.525,37.963,Geophysical
1704,2008,23.0,140.881,39.03,Geophysical
1714,2008,1.0,141.464,39.802,Geophysical
1718,2008,4.0,105.494,32.756,Geophysical
1723,2008,6.0,97.697,25.039,Geophysical
1725,2008,40.0,101.889,26.241,Geophysical
1733,2008,6.0,55.828,26.743,Geophysical
1734,2008,2.0,103.058,-3.935,Geophysical
1740,2008,74.0,73.824,39.533,Geophysical
1741,2008,30.0,90.35,29.807,Geophysical
1743,2008,13.0,46.254,43.372,Geophysical
1752,2008,166.0,67.351,30.639,Geophysical
1762,2008,6.0,122.091,1.271,Geophysical
1764,2008,16.0,-76.03,2.93,Geophysical
1786,2008,11.0,-73.764,4.33,Geophysical
1787,2008,8.0,105.423,32.56,Geophysical
1788,2009,5.0,132.885,-0.414,Geophysical
1789,2009,31.0,-84.197,10.165,Geophysical
1814,2009,295.0,13.334,42.334,Geophysical
1816,2009,22.0,70.076,34.185,Geophysical
1825,2009,7.0,-86.217,16.731,Geophysical
1834,2009,1.0,101.095,25.632,Geophysical
1842,2009,1.0,138.264,34.743,Geophysical
1846,2009,128.0,107.297,-7.782,Geophysical
1856,2009,11.0,-172.095,-15.489,Geophysical
1857,2009,34.0,-172.095,-15.489,Geophysical
1858,2009,9.0,-172.095,-15.489,Geophysical
1859,2009,148.0,-172.095,-15.489,Geophysical
1860,2009,1195.0,118.631,-8.207,Geophysical
1867,2009,2.0,99.867,-0.72,Geophysical
1882,2009,1.0,33.878,-9.948,Geophysical
1884,2009,3.0,33.818,-10.108,Geophysical
1899,2010,222570.0,-72.571,18.443,Geophysical
1906,2010,1.0,105.668,30.268,Geophysical
1912,2010,562.0,-72.898,-36.122,Geophysical
1914,2010,51.0,39.986,38.864,Geophysical
1924,2010,2.0,-115.2953333,32.2861667,Geophysical
1927,2010,2968.0,96.548,33.165,Geophysical
1937,2010,17.0,136.543,-2.174,Geophysical
1959,2010,1.0,53.861,27.022,Geophysical
1966,2010,1.0,98.392,3.17,Geophysical
1978,2010,530.0,100.082,-3.487,Geophysical
1981,2010,2.0,20.73,43.76,Geophysical
1996,2010,7.0,59.18,28.412,Geophysical
2002,2010,8.0,105.804,25.558,Geophysical
2004,2010,11.0,67.658,35.633,Geophysical
2005,2010,3.0,54.47,35.49,Geophysical
2019,2011,181.0,172.68,-43.583,Geophysical
2020,2011,25.0,97.957,24.727,Geophysical
2023,2011,1.0,142.373,38.297,Geophysical
2024,2011,19846.0,142.373,38.297,Geophysical
2030,2011,74.0,99.822,20.687,Geophysical
2031,2011,1.0,99.822,20.687,Geophysical
2034,2011,2.0,63.951,28.777,Geophysical
2035,2011,2.0,141.588,38.276,Geophysical
2038,2011,10.0,-1.672,37.699,Geophysical
2040,2011,3.0,29.103,39.149,Geophysical
2056,2011,13.0,71.41,40.081,Geophysical
2064,2011,1.0,88.155,27.73,Geophysical
2065,2011,7.0,88.155,27.73,Geophysical
2066,2011,112.0,88.155,27.73,Geophysical
2067,2011,7.0,88.155,27.73,Geophysical
2070,2011,3.0,-90.238,14.186,Geophysical
2074,2011,1.0,172.743,-43.564,Geophysical
2075,2011,10.0,97.893,2.965,Geophysical
2076,2011,604.0,43.508,38.721,Geophysical
2090,2011,1.0,-75.966,-14.438,Geophysical
2092,2011,40.0,43.229,38.429,Geophysical
2096,2011,2.0,-99.789,17.986,Geophysical
2101,2011,3.0,127.33,0.8,Geophysical
2110,2012,113.0,123.206,9.999,Geophysical
2120,2012,7.0,93.063,2.327,Geophysical
2122,2012,2.0,-98.231,16.493,Geophysical
2123,2012,1.0,-72.217,-35.2,Geophysical
2126,2012,7.0,11.23,44.89,Geophysical
2128,2012,2.0,70.354,38.612,Geophysical
2130,2012,17.0,11.086,44.851,Geophysical
2131,2012,73.0,69.351,36.023,Geophysical
2145,2012,4.0,100.781,27.767,Geophysical
2147,2012,306.0,46.826,38.329,Geophysical
2155,2012,2.0,-85.315,10.085,Geophysical
2156,2012,81.0,103.983,27.575,Geophysical
2163,2012,1.0,119.593,32.978,Geophysical
2164,2012,6.0,120.096,-1.315,Geophysical
2165,2012,44.0,-91.895,13.988,Geophysical
2167,2012,38.0,95.885,23.005,Geophysical
2169,2012,1.0,126.638,10.811,Geophysical
2180,2012,6.0,59.571,33.506,Geophysical
2191,2013,1.0,95.907,4.927,Geophysical
2192,2013,10.0,165.114,-10.799,Geophysical
2202,2013,37.0,51.593,28.428,Geophysical
2204,2013,41.0,61.996,28.033,Geophysical
2205,2013,198.0,102.888,30.308,Geophysical
2210,2013,3.0,75.863,33.061,Geophysical
2211,2013,18.0,70.22,34.526,Geophysical
2217,2013,4.0,121.141,23.789,Geophysical
2219,2013,48.0,96.665,4.645,Geophysical
2220,2013,95.0,104.262,34.512,Geophysical
2240,2013,3.0,99.3502,28.2425,Geophysical
2244,2013,399.0,65.5009,26.951,Geophysical
2245,2013,230.0,124.1167,9.8796,Geophysical
2246,2013,1.0,-92.1207,14.6056,Geophysical
2250,2013,1.0,95.9709,5.1033,Geophysical
2256,2013,22.0,65.5052,27.1825,Geophysical
2259,2013,8.0,51.31,29.32,Geophysical
2269,2013,1.0,121.215,23.828,Geophysical
2276,2014,32.0,98.392,3.17,Geophysical
2278,2014,1.0,54.4482,27.1502,Geophysical
2281,2014,7.0,112.308,-7.93,Geophysical
2284,2014,6.0,-70.769,-19.61,Geophysical
2287,2014,2.0,-85.8779,11.642,Geophysical
2298,2014,1.0,99.6696,19.6557,Geophysical
2300,2014,3.0,25.3889,40.2893,Geophysical
2303,2014,1.0,-92.4614,14.724,Geophysical
2304,2014,3.0,-92.4614,14.724,Geophysical
2306,2014,731.0,103.4086,27.1891,Geophysical
2308,2014,3.0,-78.322,-0.018,Geophysical
2309,2014,6.0,3.181,36.8561,Geophysical
2310,2014,1.0,26.7048,-26.9899,Geophysical
2311,2014,1.0,-122.3123333,38.2151667,Geophysical
2313,2014,8.0,-71.695,-13.843,Geophysical
2314,2014,63.0,137.48,35.893,Geophysical
2315,2014,1.0,100.4702,23.3834,Geophysical
2316,2014,5.0,101.7374,30.3398,Geophysical
2319,2014,1.0,100.533,23.3577,Geophysical
2331,2015,4.0,84.7314,28.2305,Geophysical
2332,2015,29.0,84.7314,28.2305,Geophysical
2333,2015,78.0,84.7314,28.2305,Geophysical
2334,2015,8831.0,84.731,28.23,Geophysical
2338,2015,1.0,86.0655,27.8087,Geophysical
2339,2015,20.0,86.0655,27.8087,Geophysical
2340,2015,138.0,86.0655,27.8087,Geophysical
2350,2015,24.0,116.541,5.987,Geophysical
2358,2015,3.0,78.1542,37.4593,Geophysical
2371,2015,3.0,28.952,-2.091,Geophysical
2381,2015,19.0,-71.6744,-31.5729,Geophysical
2389,2015,115.0,70.3676,36.5244,Geophysical
2391,2015,280.0,70.3676,36.5244,Geophysical
2396,2015,2.0,72.78,38.211,Geophysical
2403,2015,3.0,71.1263,36.4935,Geophysical
2405,2016,5.0,93.65,24.804,Geophysical
2406,2016,8.0,93.65,24.804,Geophysical
2412,2016,117.0,120.6,22.938,Geophysical
2415,2016,6.0,71.13,36.473,Geophysical
2417,2016,9.0,130.7,32.788,Geophysical
2420,2016,672.0,-79.92,0.382,Geophysical
2421,2016,49.0,130.75,32.791,Geophysical
2425,2016,1.0,-79.62,0.495,Geophysical
2445,2016,4.0,-71.68,-15.64,Geophysical
2446,2016,296.0,13.187,42.723,Geophysical
2447,2016,17.0,31.618,1.036,Geophysical
2448,2016,4.0,31.618,-1.036,Geophysical
2455,2016,1.0,13.043,42.934,Geophysical
2458,2016,4.0,94.569,20.923,Geophysical
2460,2016,2.0,173.064,-42.725,Geophysical
2471,2016,1.0,-70.823,-15.321,Geophysical
2473,2016,104.0,96.108,5.281,Geophysical
2474,2016,1.0,74.047,39.238,Geophysical
2481,2016,2.0,99.539,26.077,Geophysical
2483,2017,29.0,13.227,42.601,Geophysical
2484,2017,8.0,125.452,9.907,Geophysical
2494,2017,1.0,26.371,38.915,Geophysical
2497,2017,3.0,57.204,37.772,Geophysical
2510,2017,3.0,124.619,11.111,Geophysical
2511,2017,2.0,27.414,36.925,Geophysical
2516,2017,29.0,103.855,33.193,Geophysical
2520,2017,98.0,-93.899,15.022,Geophysical
2522,2017,369.0,-98.489,18.55,Geophysical
2526,2017,444.0,45.959,34.911,Geophysical
2527,2017,10.0,45.959,34.911,Geophysical
2540,2017,2.0,50.962,35.649,Geophysical
2541,2017,4.0,108.174,-7.492,Geophysical
2545,2018,2.0,74.71,-15.759,Geophysical
2546,2018,1.0,105.918,-7.196,Geophysical
2549,2018,145.0,142.766,-6.149,Geophysical
2550,2018,84.0,121.658,24.136,Geophysical
2578,2018,5.0,135.64,34.826,Geophysical
2585,2018,14.0,116.491,-8.274,Geophysical
2587,2018,564.0,116.452,-8.287,Geophysical
2589,2018,10.0,116.577,-8.325,Geophysical
2590,2018,2.0,46.277,34.663,Geophysical
2592,2018,11.0,142.62,-6.307,Geophysical
2593,2018,25.0,142.607,-6.294,Geophysical
2597,2018,4140.0,119.846,-0.256,Geophysical
2598,2018,17.0,-73.013,20.034,Geophysical
2608,2019,2.0,-71.423,-30.074,Geophysical
2614,2019,2.0,104.632,29.498,Geophysical
2617,2019,9.0,116.52,-8.418,Geophysical
2618,2019,25.0,120.35,14.99,Geophysical
2625,2019,1.0,-89.272,13.243,Geophysical
2627,2019,2.0,-75.27,-5.812,Geophysical
2630,2019,13.0,104.957,28.405,Geophysical
2637,2019,1.0,49.542,31.775,Geophysical
2640,2019,8.0,128.034,-0.586,Geophysical
2642,2019,9.0,121.986,20.807,Geophysical
2643,2019,6.0,104.791,-7.282,Geophysical
2648,2019,31.0,128.347,-3.45,Geophysical
2649,2019,39.0,73.766,33.106,Geophysical
2652,2019,1.0,28.173,40.89,Geophysical
2653,2019,7.0,125.009,6.714,Geophysical
2656,2019,1.0,105.064,29.573,Geophysical
2657,2019,10.0,124.985,6.754,Geophysical
2659,2019,23.0,125.187,6.905,Geophysical
2660,2019,6.0,47.558,37.808,Geophysical
2661,2019,51.0,19.522,41.511,Geophysical
2667,2019,14.0,125.188,6.708,Geophysical
2673,2020,4.0,-66.883,17.935,Geophysical
2676,2020,41.0,44.367,38.39,Geophysical
2679,2020,9.0,44.447,38.543,Geophysical
2684,2020,1.0,15.966,45.897,Geophysical
2699,2020,4.0,103.281,27.296,Geophysical
2700,2020,1.0,40.697,39.421,Geophysical
2703,2020,10.0,-95.953,15.916,Geophysical
2710,2020,1.0,124.123,12.021,Geophysical
2711,2020,2.0,26.779,37.913,Geophysical
2712,2020,115.0,26.779,37.913,Geophysical
2713,2020,8.0,16.255,45.422,Geophysical
2715,2021,110.0,118.901,-2.976,Geophysical
2716,2021,1.0,141.749,37.745,Geophysical
2719,2021,9.0,112.519,-8.562,Geophysical
2720,2021,3.0,81.164,41.816,Geophysical
2723,2021,2.0,92.457,26.781,Geophysical
2724,2021,3.0,100.011,25.761,Geophysical
2726,2021,2575.0,-73.475,18.408,Geophysical
2727,2021,3.0,105.391,29.182,Geophysical
2728,2021,3.0,-99.773,16.982,Geophysical
2729,2021,1.0,25.26,35.252,Geophysical
2730,2021,21.0,68.014,30.22,Geophysical
2731,2021,3.0,115.458,-8.356,Geophysical
2732,2021,1.0,56.065,27.721,Geophysical
2736,2022,28.0,63.621,34.929,Geophysical
2739,2022,2.0,-73.3,18.494,Geophysical
2741,2022,3.0,-91.343,14.228,Geophysical
2742,2022,15.0,100.096,0.216,Geophysical
2743,2022,3.0,141.587,37.702,Geophysical
2744,2022,1.0,-79.589,0.909,Geophysical
2745,2022,4.0,102.958,30.395,Geophysical
2746,2022,1036.0,69.514,33.092,Geophysical
2747,2022,5.0,55.321,26.899,Geophysical
2750,2022,10.0,120.801,17.56,Geophysical
2751,2022,118.0,102.279,29.726,Geophysical
2752,2022,7.0,146.469,-6.256,Geophysical
2753,2022,1.0,121.422,23.119,Geophysical
2754,2022,3.0,-102.952,18.247,Geophysical
2755,2022,2.0,-102.982,18.497,Geophysical
2758,2022,6.0,81.149,29.274,Geophysical
2759,2022,334.0,107.095,-6.853,Geophysical
2760,2022,2.0,30.967,40.847,Geophysical
2761,2022,2.0,124.423,40.525,Geophysical
2762,2023,1.0,130.005,-7.065,Geophysical
2764,2023,3.0,44.909,38.424,Geophysical
2765,2023,5900.0,36.51,38.055,Geophysical
2766,2023,50783.0,36.51,38.055,Geophysical
2768,2023,6.0,36.034,36.159,Geophysical
2769,2023,14.0,-79.844,-2.837,Geophysical
2770,2023,1.0,-79.844,-2.837,Geophysical
2771,2023,5.0,70.946,36.519,Geophysical
2772,2023,11.0,70.946,36.519,Geophysical
2773,2023,8.0,143.159,-4.326,Geophysical
2775,2023,1.0,137.299,37.548,Geophysical
2777,2023,1.0,110.041,-8.674,Geophysical
2779,2023,2946.0,-8.385,31.058,Geophysical
2780,2023,2445.0,61.946,34.517,Geophysical
2781,2023,1.0,81.243,29.498,Geophysical
2782,2023,1.0,62.048,34.53,Geophysical
2783,2023,154.0,82.18,28.848,Geophysical
2785,2023,11.0,125.022,5.583,Geophysical
2786,2023,3.0,126.449,8.527,Geophysical
2787,2023,151.0,102.827,35.743,Geophysical
2788,2024,241.0,137.265,37.495,Geophysical
2789,2024,6.0,78.724,41.219,Geophysical
2793,1900,30.0,11.0480288,46.3144754,Geophysical
2794,1900,1250000.0,-85.9228997,39.4735045,Climatological
2795,1900,11000.0,-2.157944832014875,52.0882992,Climatological
2799,1902,1000.0,11.0480288,46.3144754,Geophysical
2801,1902,30000.0,11.0480288,46.3144754,Geophysical
2802,1902,1565.0,11.0480288,46.3144754,Geophysical
2803,1902,125.0,140.30023453747506,30.484415,Geophysical
2804,1902,6000.0,11.0480288,46.3144754,Geophysical
2808,1903,76.0,-114.406023,49.6016471,Geophysical
2812,1903,17.0,11.0480288,46.3144754,Geophysical
2832,1908,33.0,-75.584564,45.768002,Geophysical
2856,1911,1335.0,120.9799964,14.5906346,Geophysical
2871,1914,140.0,11.0480288,46.3144754,Geophysical
2896,1918,1000.0,-88.6970484,43.452494,Climatological
2911,1920,500000.0,-2.227736,13.4526455,Climatological
2912,1920,24000.0,-2.157944832014875,52.0882992,Climatological
2923,1922,43.0,-79.6360804,47.4441901,Climatological
2965,1928,107.0,24.7499297,42.1418541,Geophysical
2985,1930,1369.0,-79.3843758843318,44.9727066,Geophysical
2998,1931,1300.0,11.0480288,46.3144754,Geophysical
3047,1937,506.0,152.1728287,-4.1984592,Geophysical
3052,1937,40.0,-76.3983035,18.0395442,Geophysical
3083,1939,71.0,150.90102438182544,-33.8463874,Climatological
3154,1943,1900000.0,11.0480288,46.3144754,Climatological
3160,1944,121.0,-81.6936772,41.4996574,Climatological
3164,1944,49.0,114.1693011488188,22.27658545,Climatological
3197,1946,30000.0,-2.157944832014875,52.0882992,Climatological
3215,1948,200.0,11.0480288,46.3144754,Geophysical
3231,1948,100.0,11.0480288,46.3144754,Geophysical
3237,1949,1000.0,11.0480288,46.3144754,Geophysical
3238,1949,1000.0,11.0480288,46.3144754,Geophysical
3249,1949,80.0,-0.6433872354467377,44.00996945,Climatological
3269,1950,84.0,11.0480288,46.3144754,Geophysical
3272,1951,1300.0,11.0480288,46.3144754,Geophysical
3275,1951,3000.0,11.0480288,46.3144754,Geophysical
3284,1951,500.0,124.6759878,9.1994295,Geophysical
3318,1953,150.0,175.5642887,-39.2812032,Geophysical
3369,1954,37.0,11.0480288,46.3144754,Geophysical
3397,1955,3.0,-72.6191889,46.2273284,Geophysical
3526,1960,32.0,-1.776962348126316,51.5382464,Geophysical
3528,1960,61.0,-155.42837009716908,19.5938015,Geophysical
3603,1963,1584.0,115.0906401,-8.3304977,Geophysical
3609,1963,150.0,84.8301548,27.8184587,Geophysical
3632,1963,106.0,11.0480288,46.3144754,Geophysical
3646,1964,4.0,-73.6273757,-12.8384738,Geophysical
3712,1965,355.0,11.0480288,46.3144754,Geophysical
3732,1965,2000.0,-1.776962348126316,51.5382464,Climatological
3789,1966,8000.0,4.6556601,52.0878357,Climatological
3804,1967,62.0,147.3281233,-42.8825088,Climatological
3853,1967,600.0,26.045475779882626,-24.62994925,Climatological
3866,1968,3.0,123.72843078114448,13.1505699,Geophysical
3873,1968,87.0,-2.227736,13.4526455,Geophysical
3882,1968,12.0,147.2869493,-31.8759835,Climatological
4264,1975,2.0,11.0480288,46.3144754,Geophysical
4318,1976,1.0,-76.8234752,-12.1310334,Geophysical
4349,1976,40.0,11.0480288,46.3144754,Geophysical
4365,1976,12.0,13.7804956,45.6528943,Geophysical
4383,1977,64.0,11.0480288,46.3144754,Geophysical
4393,1977,1.0,43.33097059591782,-11.65256875,Geophysical
4427,1977,3.0,141.3542924,43.061936,Geophysical
4474,1977,3.0,150.40522373235163,-33.60974105,Climatological
4488,1977,2.0,126.063482,-8.7443169,Geophysical
4651,1979,2.0,-0.3943799,9.6600005,Geophysical
4779,1980,90.0,-120.212613,47.2868352,Geophysical
4879,1981,3000.0,11.0480288,46.3144754,Climatological
4976,1981,192.0,-78.343714,42.571978,Geophysical
5001,1983,500.0,-1.776962348126316,51.5382464,Climatological
5016,1982,100.0,11.0480288,46.3144754,Geophysical
5022,1982,30.0,110.63371366935613,-6.71150765,Geophysical
5141,1983,75.0,144.2905159,-36.774006,Climatological
5169,1983,7.0,8.5434905,39.3119592,Climatological
5170,1983,160.0,-73.49116054386022,4.6642049,Geophysical
5214,1983,12.0,11.0480288,46.3144754,Climatological
5242,1983,12.0,-2.227736,13.4526455,Climatological
5292,1983,20.0,-42.2623015,-13.6404193,Climatological
5336,1984,37.0,10.585252064540146,5.5790986,Geophysical
5444,1985,5.0,-102.8826804,31.5856126,Climatological
5461,1985,4.0,29.0375543,-14.183507,Climatological
5488,1985,6.0,-98.407302,43.425268,Climatological
5506,1985,300.0,-81.517067,30.306659,Geophysical
5552,1985,14.0,-39.149587,-13.4940285,Climatological
5560,1985,13.0,42.99332190098482,38.3624957,Climatological
5577,1985,6.0,147.2869493,-31.8759835,Climatological
5628,1986,15.0,-49.185532,-16.7025984,Climatological
5631,1986,2.0,121.0883944,14.6447188,Geophysical
5642,1986,1746.0,10.0748719,6.3897676,Geophysical
5654,1986,13.0,-73.8306085,40.7587793,Geophysical
5796,1987,131.0,100.3932441,-0.4654636,Geophysical
5797,1987,191.0,122.7933319,52.9759171,Climatological
6024,1987,50.0,34.5661741,-22.779116,Climatological
6102,1988,7.0,126.65622927105376,-3.4591432,Geophysical
6171,1988,76.0,146.2651383,-6.2664228,Geophysical
6264,1988,200.0,-51.987392789356015,-28.19342825,Climatological
6403,1989,45.0,-122.3992384,37.787747,Geophysical
6535,1989,10.0,11.0480288,46.3144754,Geophysical
6553,1990,69.0,102.0,25.0,Geophysical
6607,1990,4.0,120.95777283977117,28.1205206,Geophysical
6974,1991,26.0,-122.271356,37.8044557,Climatological
7100,1992,12.0,11.0480288,46.3144754,Geophysical
7108,1992,56.0,77.96621878659138,25.0521873,Climatological
7149,1992,31.0,11.0480288,46.3144754,Climatological
7157,1992,49.0,112.4189892,40.1361234,Geophysical
7244,1992,1.0,11.0480288,46.3144754,Geophysical
7289,1993,1.0,128.182612882934,-3.6943442,Geophysical
7345,1993,72.0,101.6942371,3.1516964,Geophysical
7421,1993,34.0,31.2804433,30.0163466,Geophysical
7495,1993,6.0,11.0480288,46.3144754,Geophysical
7573,1994,13.0,-105.607716,38.7251776,Climatological
7574,1994,20.0,-0.92292818768279,40.6005259,Climatological
7597,1994,1.0,14.155048,37.587794,Climatological
7609,1994,22.0,11.0480288,46.3144754,Climatological
7928,1995,29.0,109.1121632,34.3155512,Climatological
8402,1997,240.0,103.6667503,-0.9537733,Climatological
8653,1998,3.0,-14.176250577969586,12.11703505,Climatological
8682,1998,1.0,-81.4639835,27.7567667,Climatological
8735,1998,1.0,-118.755997,36.7014631,Climatological
8810,1998,25.0,23.369444,-34.052778,Climatological
8823,1998,47.0,11.0480288,46.3144754,Climatological
8917,1998,2.0,35.4873214,38.7219011,Geophysical
8926,1998,8.0,-84.1933213,31.5433637,Climatological
8931,1998,12.0,11.0480288,46.3144754,Climatological
8933,1999,1.0,144.2905159,-36.774006,Climatological
8983,1999,1.0,-99.5873816,41.7370229,Climatological
9010,1999,32.0,11.0480288,46.3144754,Climatological
9218,1999,4.0,26.6386401,-32.2171831,Climatological
9647,2001,1.0,-81.82813312574297,26.61418765,Climatological
9702,2001,11.0,30.22248762098655,-29.48701635,Climatological
9790,2001,58.0,15.0975712,-10.7707527,Climatological
10881,2006,1.0,-116.354036083691,33.71928005,Climatological
10898,2006,4.0,-7.6703913,43.0805539,Climatological
10979,2006,12.0,-98.5456116,31.2638905,Climatological
11228,2008,1.0,-116.354036083691,33.71928005,Climatological
11715,2011,2.0,-95.25331192288478,29.5564835,Climatological
12172,2014,12.0,-109.34963353785872,-27.1259451,Climatological
12312,2015,1.0,-109.34963353785872,-27.1259451,Climatological
12444,2015,3.0,-120.553261,38.074136,Climatological
12565,2016,8.0,125.4935697,9.7905028,Geophysical
12615,2017,8.0,85.4633464,42.4804953,Geophysical
12715,2017,9.0,23.048485,-34.035734,Climatological
12790,2018,17.0,78.3665347,10.9094334,Climatological
12968,2019,30.0,102.26787,27.837124,Climatological
12974,2019,1.0,127.7297,37.885,Climatological
13117,2019,21.0,177.18140864051364,-37.5200619,Geophysical
13187,2020,19.0,102.2657395,27.8849814,Climatological
13258,2020,3.0,36.1252384,34.6871977,Climatological
13321,2021,234.0,79.38965023025648,28.9740025,Climatological
13354,2021,32.0,29.225652,-1.6665685,Geophysical
13376,2021,2.0,-121.581601,50.2311317,Climatological
13378,2021,4.0,33.1135959,34.8438066,Climatological
13397,2021,3.0,-120.8059521,39.9430988,Climatological
13425,2021,1.0,-17.857268565579673,28.6551163,Geophysical
13490,2022,2.0,121.0063415,14.5449735,Geophysical
13623,2022,4.0,-122.5360121,41.6862466,Climatological
13732,2023,4.0,144.2489081,-5.6816069,Geophysical
13758,2023,1.0,128.8759523,37.7525313,Climatological
13823,2023,2.0,-117.4077750548704,47.68295425,Climatological
13886,2023,23.0,102.6055626,-3.4560656,Geophysical
13912,1905,18.0,-107.991707,61.0666922,Geophysical
13922,1910,85000.0,9.3238432,17.7356214,Climatological
13923,1911,73.0,-107.991707,61.0666922,Climatological
13945,1919,5000.0,117.8902853,-2.4833826,Geophysical
13947,1921,1200000.0,27.359792969682104,44.56663335,Climatological
13953,1926,144.0,139.2394179,36.5748441,Geophysical
13957,1928,3000000.0,104.999927,35.000074,Climatological
13958,1929,60.0,-99.1331785,19.4326296,Climatological
14013,1940,20000.0,-24.0083947,16.0000552,Climatological
14022,1942,30.0,104.999927,35.000074,Geophysical
14029,1942,1500000.0,78.6677428,22.3511148,Climatological
14067,1952,29.0,139.2394179,36.5748441,Geophysical
14080,1956,11.0,-100.445882,39.7837304,Climatological
14097,1960,138.0,139.2394179,36.5748441,Geophysical
14113,1962,2000.0,-75.0458515,-6.8699697,Geophysical
14118,1963,15.0,-84.0739102,10.2735633,Geophysical
14146,1964,50.0,49.083416,8.3676771,Climatological
14171,1965,1500000.0,78.6677428,22.3511148,Climatological
14175,1966,24.0,23.8222636,-2.9814344,Geophysical
14176,1966,1000.0,117.8902853,-2.4833826,Geophysical
14179,1966,88.0,117.8902853,-2.4833826,Geophysical
14189,1966,25.0,-8.1353519,39.6621648,Climatological
14349,1973,100000.0,38.6521203,10.2116702,Climatological
14350,1974,19000.0,49.083416,8.3676771,Climatological
14451,1978,2.0,2.2584408,9.5293472,Climatological
14472,1978,63.0,117.8902853,-2.4833826,Climatological
14480,1979,175.0,117.8902853,-2.4833826,Geophysical
14493,1979,82.0,117.8902853,-2.4833826,Geophysical
14500,1979,18.0,36.0514231,-0.2864982,Climatological
14525,1980,50.0,122.7312101,12.7503486,Geophysical
14540,1981,8.0,95.9999652,17.1750495,Climatological
14574,1981,100000.0,34.9144977,-19.302233,Climatological
14608,1982,46.0,-9.3658524,5.7499721,Geophysical
14619,1982,2.0,1.8883335,46.603354,Climatological
14621,1982,280.0,117.8902853,-2.4833826,Climatological
14633,1983,277.0,104.999927,35.000074,Geophysical
14672,1983,20.0,-76.4626118,40.375713,Geophysical
14677,1983,300000.0,38.6521203,10.2116702,Climatological
14678,1983,150000.0,6.5,10.9,Climatological
14725,1984,17.0,-4.8379791,39.3260685,Climatological
14735,1984,230.0,117.8902853,-2.4833826,Climatological
14778,1985,21800.0,-72.9088133,4.099917,Geophysical
14797,1985,3.0,-77.6930602,43.2097838,Climatological
14845,1986,5.0,1.8883335,46.603354,Climatological
14896,1986,84.0,117.8902853,-2.4833826,Climatological
14999,1987,367.0,38.6521203,10.2116702,Climatological
15000,1987,600.0,49.083416,8.3676771,Climatological
15001,1987,300.0,78.6677428,22.3511148,Climatological
15023,1988,31.0,-10.371337908392649,28.3347722,Geophysical
15028,1988,50.0,71.247499,30.3308401,Geophysical
15140,1988,1400.0,104.999927,35.000074,Climatological
15201,1989,1.0,-107.991707,61.0666922,Climatological
15256,1989,237.0,30.0644358,-1.9646631,Climatological
15414,1991,23.0,-90.345759,15.5855545,Geophysical
15415,1991,5.0,24.991639,-28.8166236,Climatological
15425,1991,13.0,38.6521203,10.2116702,Geophysical
15445,1991,50.0,27.359792969682104,44.56663335,Geophysical
15524,1991,57.0,117.8902853,-2.4833826,Climatological
15527,1991,2.0,-100.445882,39.7837304,Climatological
15628,1991,2000.0,104.999927,35.000074,Climatological
15634,1992,261.0,34.9249653,38.9597594,Geophysical
15700,1992,35.0,19.134422,52.215933,Climatological
15932,1993,3.0,-100.445882,39.7837304,Climatological
15956,1994,4.0,134.755,-24.7761086,Climatological
16057,1994,31.0,117.8902853,-2.4833826,Geophysical
16070,1994,24.0,-64.9672817,-34.9964963,Climatological
16301,1996,25.0,-79.2235563,43.9382593,Climatological
16307,1996,19.0,97.7453061,64.6863136,Climatological
16435,1996,1.0,-100.445882,39.7837304,Climatological
16485,1997,10.0,-71.3187697,-31.7613365,Climatological
16527,1997,14.0,97.7453061,64.6863136,Climatological
16556,1997,2.0,134.755,-24.7761086,Climatological
16651,1997,672.0,117.8902853,-2.4833826,Climatological
16652,1997,60.0,144.2489081,-5.6816069,Climatological
16680,1998,3.0,117.8902853,-2.4833826,Climatological
16684,1998,1.0,-53.2,-10.3333333,Climatological
16690,1998,2.0,122.7312101,12.7503486,Climatological
16704,1998,50.0,-99.1331785,19.4326296,Climatological
16748,1998,14.0,-77.6930602,43.2097838,Climatological
16776,1998,3.0,97.7453061,64.6863136,Climatological
16914,1999,23.0,104.999927,35.000074,Climatological
16923,1999,6.0,78.6677428,22.3511148,Climatological
16987,1999,3.0,-64.9912286,-17.0568696,Climatological
17172,1999,143.0,71.247499,30.3308401,Climatological
17176,1999,6.0,29.9324519,-3.426449,Climatological
17180,1999,85.0,38.4313975,1.4419683,Climatological
17183,2000,21.0,49.083416,8.3676771,Climatological
17184,1999,115.0,32.2166578,1.5333554,Climatological
17185,1999,12.0,-58.1693445,-23.3165935,Climatological
17300,2000,2.0,127.6961188,36.638392,Climatological
17423,2000,7.0,25.4856617,42.6073975,Climatological
17458,2000,2.0,-77.6930602,43.2097838,Climatological
17466,2000,14.0,-100.445882,39.7837304,Climatological
17508,2000,6.0,19.4528646,48.7411522,Climatological
17511,2000,1.0,15.6575209,45.3658443,Climatological
17512,2000,7.0,-77.6930602,43.2097838,Climatological
17674,2000,11.0,122.7312101,12.7503486,Geophysical
17734,2000,8.0,-64.9672817,-34.9964963,Climatological
17771,2000,37.0,66.2385139,33.7680065,Climatological
17773,2000,20.0,78.6677428,22.3511148,Climatological
17776,2000,2.0,28.5670941,47.2879608,Climatological
18091,2001,20.0,24.991639,-28.8166236,Climatological
18245,2001,1.0,-100.445882,39.7837304,Climatological
18292,2002,9.0,34.9144977,-19.302233,Climatological
18296,2001,41.0,-90.345759,15.5855545,Climatological
18333,2002,1.0,19.9981227,7.0323598,Climatological
18541,2002,3.0,24.991639,-28.8166236,Climatological
18556,2002,60.0,-79.3666965,-1.3397668,Geophysical
18779,2002,2.0,134.755,-24.7761086,Climatological
18849,2002,500.0,33.9301963,-13.2687204,Climatological
18868,2002,79.0,32.2166578,1.5333554,Climatological
18892,2003,4.0,134.755,-24.7761086,Climatological
19092,2003,5.0,1.8883335,46.603354,Climatological
19096,2003,1.0,-107.991707,61.0666922,Climatological
19098,2003,5.0,-4.8379791,39.3260685,Climatological
19099,2003,14.0,-8.1353519,39.6621648,Climatological
19194,2003,14.0,-100.445882,39.7837304,Climatological
19312,2003,4.0,-100.445882,39.7837304,Climatological
19331,2003,9.0,34.9144977,-19.302233,Climatological
19473,2004,9.0,97.7453061,64.6863136,Climatological
19498,2004,2.0,117.8902853,-2.4833826,Geophysical
19577,2004,3.0,-4.8379791,39.3260685,Climatological
19582,2004,2.0,-8.1353519,39.6621648,Climatological
19756,2004,44.0,104.999927,35.000074,Geophysical
19822,2004,80.0,38.4313975,1.4419683,Climatological
19848,2005,12.0,134.755,-24.7761086,Climatological
20075,2005,2.0,1.8883335,46.603354,Climatological
20076,2005,15.0,-8.1353519,39.6621648,Climatological
20090,2005,11.0,-4.8379791,39.3260685,Climatological
20280,2005,1.0,44.2832964,-12.2045176,Geophysical
20346,2005,5.0,-100.445882,39.7837304,Climatological
20382,2005,120.0,29.9324519,-3.426449,Climatological
20393,2005,27.0,38.4313975,1.4419683,Climatological
20394,2005,2.0,49.083416,8.3676771,Climatological
20424,2006,3.0,134.755,-24.7761086,Climatological
20522,2006,11.0,104.999927,35.000074,Geophysical
20631,2006,4.0,-100.445882,39.7837304,Climatological
20664,2006,1.0,134.755,-24.7761086,Climatological
20725,2006,134.0,104.999927,35.000074,Climatological
20862,2007,11.0,12.674297,42.6384261,Climatological
20867,2007,3.0,-77.6930602,43.2097838,Climatological
20880,2007,2.0,31.3991317,-26.5624806,Climatological
20881,2007,26.0,24.991639,-28.8166236,Climatological
20901,2007,1.0,25.4856617,42.6073975,Climatological
20903,2007,1.0,21.7168387,41.6171214,Climatological
20913,2007,65.0,-77.6930602,43.2097838,Climatological
20915,2007,2.0,25.4856617,42.6073975,Climatological
20929,2007,12.0,15.6575209,45.3658443,Climatological
20931,2007,8.0,-58.1693445,-23.3165935,Climatological
20936,2007,1.0,-76.4626118,40.375713,Climatological
20937,2007,6.0,47.8915271,16.3471243,Geophysical
20952,2007,8.0,-100.445882,39.7837304,Climatological
21007,2007,8.0,2.9999825,28.0000272,Climatological
21188,2008,2.0,34.9249653,38.9597594,Climatological
21236,2008,49.0,34.9144977,-19.302233,Climatological
21238,2008,98.0,29.2675469,26.2540493,Geophysical
21312,2008,12.0,-72.9088133,4.099917,Geophysical
21355,2008,10.0,144.2489081,-5.6816069,Geophysical
21372,2008,34.0,24.991639,-28.8166236,Climatological
21383,2008,4.0,38.4313975,1.4419683,Climatological
21389,2008,4.0,-58.1693445,-23.3165935,Climatological
21396,2009,36.0,-90.345759,15.5855545,Geophysical
21420,2009,180.0,134.755,-24.7761086,Climatological
21530,2009,6.0,-4.8379791,39.3260685,Climatological
21533,2009,2.0,12.674297,42.6384261,Climatological
21575,2009,2.0,-100.445882,39.7837304,Climatological
21880,2010,31.0,-72.9088133,4.099917,Climatological
21901,2010,53.0,97.7453061,64.6863136,Climatological
21935,2010,8.0,23.8222636,-2.9814344,Climatological
21960,2010,8.0,97.7453061,64.6863136,Climatological
22022,2010,322.0,117.8902853,-2.4833826,Geophysical
22061,2010,22.0,104.999927,35.000074,Climatological
22063,2010,44.0,34.8594762,30.8124247,Climatological
22106,2010,20000.0,49.083416,8.3676771,Climatological
22291,2011,4.0,-100.445882,39.7837304,Climatological
22395,2011,1.0,-71.3187697,-31.7613365,Climatological
22415,2011,1.0,-107.991707,61.0666922,Climatological
22421,2011,2.0,-100.445882,39.7837304,Climatological
22504,2012,16.0,78.6677428,22.3511148,Geophysical
22522,2012,2.0,97.7453061,64.6863136,Climatological
22566,2012,2.0,-100.445882,39.7837304,Climatological
22591,2012,4.0,-4.8379791,39.3260685,Climatological
22721,2012,1.0,-100.445882,39.7837304,Climatological
22747,2012,7.0,-71.3187697,-31.7613365,Climatological
22748,2012,5.0,-79.3666965,-1.3397668,Climatological
22784,2013,46.0,104.999927,35.000074,Geophysical
22787,2013,1.0,134.755,-24.7761086,Climatological
22872,2013,2.0,-100.445882,39.7837304,Climatological
22874,2013,19.0,-100.445882,39.7837304,Climatological
22921,2013,9.0,-8.1353519,39.6621648,Climatological
22949,2013,1.0,2.2584408,9.5293472,Climatological
22968,2013,2.0,134.755,-24.7761086,Climatological
22969,2013,1.0,-100.445882,39.7837304,Climatological
23094,2014,2.0,134.755,-24.7761086,Climatological
23191,2014,2.0,-100.445882,39.7837304,Climatological
23532,2015,30.0,97.7453061,64.6863136,Climatological
23619,2015,1.0,-100.445882,39.7837304,Climatological
23652,2015,3.0,23.8222636,-2.9814344,Climatological
23662,2015,4.0,-100.445882,39.7837304,Climatological
23672,2015,4.0,-100.445882,39.7837304,Climatological
23677,2015,19.0,117.8902853,-2.4833826,Climatological
23694,2015,13.0,71.247499,30.3308401,Geophysical
23729,2015,2.0,134.755,-24.7761086,Climatological
23782,2015,11.0,-72.9088133,4.099917,Climatological
23792,2015,24.0,144.2489081,-5.6816069,Climatological
23793,2015,11.0,117.8902853,-2.4833826,Climatological
23816,2016,2.0,134.755,-24.7761086,Climatological
23921,2016,7.0,78.6677428,22.3511148,Climatological
23922,2016,11.0,83.9999901,28.3780464,Climatological
23956,2016,2.0,-100.445882,39.7837304,Climatological
23976,2016,4.0,-8.1353519,39.6621648,Climatological
24064,2016,14.0,-100.445882,39.7837304,Climatological
24129,2017,11.0,-71.3187697,-31.7613365,Climatological
24222,2017,64.0,-8.1353519,39.6621648,Climatological
24312,2017,2.0,12.674297,42.6384261,Geophysical
24313,2017,8.0,8.2319736,46.7985624,Geophysical
24377,2017,4.0,-4.8379791,39.3260685,Climatological
24378,2017,45.0,-8.1353519,39.6621648,Climatological
24389,2017,43.0,-100.445882,39.7837304,Climatological
24422,2017,2.0,-100.445882,39.7837304,Climatological
24527,2018,17.0,95.9999652,17.1750495,Geophysical
24528,2018,461.0,-90.345759,15.5855545,Geophysical
24559,2018,100.0,-77.6930602,43.2097838,Climatological
24577,2018,14.0,-100.445882,39.7837304,Climatological
24606,2018,41.0,139.2394179,36.5748441,Geophysical
24654,2018,88.0,-100.445882,39.7837304,Climatological
24684,2018,453.0,117.8902853,-2.4833826,Geophysical
24688,2018,2.0,-100.445882,39.7837304,Climatological
24791,2019,50.0,29.6667897,7.8699431,Climatological
24934,2019,3.0,-100.445882,39.7837304,Climatological
24951,2019,32.0,134.755,-24.7761086,Climatological
25011,2019,77.0,71.247499,30.3308401,Climatological
25020,2019,8.0,-64.9672817,-34.9964963,Climatological
25023,2020,1.0,122.7312101,12.7503486,Geophysical
25173,2020,5.0,31.2718321,49.4871968,Climatological
25190,2020,11.0,31.2718321,49.4871968,Climatological
25225,2020,5.0,-64.9912286,-17.0568696,Climatological
25231,2020,32.0,-100.445882,39.7837304,Climatological
25331,2020,45.0,-100.445882,39.7837304,Climatological
25381,2021,2.0,54.5643516,32.6475314,Geophysical
25394,2021,15.0,-64.9672817,-34.9964963,Climatological
25438,2021,16.0,78.6677428,22.3511148,Climatological
25524,2021,5.0,70.8156541,38.6281733,Geophysical
25556,2021,9.0,34.9249653,38.9597594,Climatological
25559,2021,2.0,-77.6930602,43.2097838,Climatological
25563,2021,90.0,2.9999825,28.0000272,Climatological
25575,2021,1.0,21.7168387,41.6171214,Climatological
25683,2021,71.0,117.8902853,-2.4833826,Geophysical
25704,2021,2.0,-100.445882,39.7837304,Climatological
25732,2022,4.0,-175.202642,-19.9160819,Geophysical
25803,2022,2.0,-100.445882,39.7837304,Climatological
25809,2022,1.0,17.5961467,44.3053476,Geophysical
25829,2022,16.0,97.7453061,64.6863136,Climatological
25845,2022,4.0,71.247499,30.3308401,Climatological
25853,2022,43.0,71.247499,30.3308401,Geophysical
25874,2022,11.0,12.674297,42.6384261,Climatological
25880,2022,3.0,-8.1353519,39.6621648,Climatological
25918,2022,44.0,2.9999825,28.0000272,Climatological
26034,2022,1.0,-71.3187697,-31.7613365,Climatological
26037,2022,2.0,-71.3187697,-31.7613365,Climatological
26051,2022,136.0,-100.445882,39.7837304,Climatological
26057,2022,2465.0,32.2166578,1.5333554,Climatological
26075,2023,26.0,-71.3187697,-31.7613365,Climatological
26098,2023,1.0,34.9249653,38.9597594,Geophysical
26179,2023,2.0,-107.991707,61.0666922,Climatological
26183,2023,21.0,97.7453061,64.6863136,Climatological
26202,2023,14.0,66.7780818,48.1012954,Climatological
26238,2023,3.0,-77.6930602,43.2097838,Climatological
26253,2023,34.0,2.9999825,28.0000272,Climatological
26272,2023,128.0,-100.445882,39.7837304,Climatological
26275,2023,20.0,-77.6930602,43.2097838,Climatological
26308,2023,178.0,78.6677428,22.3511148,Climatological
26351,2023,12.0,-64.9912286,-17.0568696,Climatological
26411,2023,247.0,-100.445882,39.7837304,Climatological
26423,2024,431.0,-71.3187697,-31.7613365,Climatological
